,title,doi,authors,journal,abstract,publication types,language,year
0,Correlations between GRIN2B and GRIN3A gene polymorphisms and postpartum depressive symptoms in Chinese parturients undergoing cesarean section: A prospective cohort study. [References].,https://dx.doi.org/10.1016/j.jpsychores.2023.111210,"Ping, Anqi

Yang, Mi

Xu, Shouyu

Li, Qiuwen

Feng, Yunfei

Gao, Kai

Wang, Saiying

Duan, Kaiming",Journal of Psychosomatic Research,"Objective: To investigate the association of postpartum depressive symptoms (PDS) and self-harm ideation with n-methyl-d-aspartate (NMDA) receptor GRIN2B and GRIN3A gene polymorphisms and other risk factors in women undergoing cesarean section. Methods: A total of 362 parturients undergoing cesarean section under lumbar anesthesia were selected and their postpartum depression level was assessed by the Edinburgh Postpartum Depression Scale (EPDS) at 42 days postpartum, with an EPDS score of 9/10 as the cut-off value. Three GRIN2B SNP loci (rs1805476, rs3026174, rs4522263) and five GRIN3A SNP loci (rs1983812, rs2050639, rs2050641, rs3739722, rs10989563) were selected for genotype detection. The role of each SNP, linkage disequilibrium and haplotypes in the development of postpartum depression was analyzed. Logistic regression analysis was performed for related risk factors. Results: PDS incidence was 16.85%, and self-harm ideation incidence was 13.54%. Univariate analysis showed that GRIN2B rs1805476, rs3026174 and rs4522263 gene polymorphisms were associated with PDS (p < 0.05), with GRIN2B rs4522263 gene also associated with maternal self-harm ideation. GRIN3A rs1983812, rs2050639, rest rs2050641, rs3739722 and rs10989563 alleles were not associated with PDS. Logistic regression analysis indicated that high pregnancy stress, as well as rs1805476 and rs4522263 alleles were PDS risk factors following cesarean delivery. GRIN2B (TTG p = 0.002) and GRIN3A (TGTTC p = 0.002) haplotypes were associated with the lower PDS incidence and higher PDS incidence respectively. Conclusion: GRIN2B rs1805476 GG genotype, rs4522263 CC genotype and high stress during pregnancy were risk factors for PDS, whilst a significantly higher incidence of self-harm ideation was evident in parturients carrying GRIN2B rs4522263 CC genotype. (PsycInfo Database Record (c) 2025 APA, all rights reserved)","Journal

Peer Reviewed Journal",English,2023
1,"The effect of motivational interview-based breastfeeding education on breastfeeding motivation, success, self-efficacy perceptions, and exclusive breastfeeding duration after cesarean section: A randomized controlled trial. [References].",https://dx.doi.org/10.1093/her/cyae043,"Bekmezci, Ebru

Meram, Halime Esra",Health Education Research,"The aim of this study was to investigate the effect of motivational interview-based breastfeeding education on breastfeeding motivation, breastfeeding success, self-efficacy perceptions, and exclusive breastfeeding duration in primiparous mothers after cesarean section. A parallel-group randomized controlled experimental study. Mothers were randomly assigned to an intervention group (IG; n = 39) and a control group (CG; n = 37). IG was provided with four sessions of motivational interview-based breastfeeding education, while CG did not receive any motivational interview-based education. The research data were collected by using 'Introductory Information Form', 'Breastfeeding Self-Efficacy Scale-Short Form', 'LATCH Breastfeeding Assessment Tool', 'The Primipara Breastfeeding Motivation Scale', and 'Importance and Confidence-Sufficiency Rulers'. In addition, in the follow-ups except for the pretest, mothers were asked about exclusive breastfeeding. The study was registered at ClinicalTrials database (NCT05562245). Group x time interactions in mothers, breastfeeding self-efficacy, breastfeeding success, the value ascribed to breastfeeding, breastfeeding self-effectiveness, and confidence sufficiency in breastfeeding ability were statistically significant (P < 0.05). A motivational interviewing-based breastfeeding education provided to mothers increased their breastfeeding self-efficacy, the value ascribed to breastfeeding, and confidence sufficiency in breastfeeding ability. Therefore, motivational interviewing can contribute to mothers' positive experience of breastfeeding. (PsycInfo Database Record (c) 2025 APA, all rights reserved)","Journal

Peer Reviewed Journal",English,2025
2,The effect of postpartum sleep quality on the perception of insufficient milk and attitude to breastfeeding: A cross-sectional study. [References].,https://dx.doi.org/10.1080/03004430.2022.2160716,"Buran, Gonca",Early Child Development and Care,"The aim of this study was to determine the effect of sleep quality of postpartum women on perception of insufficient milk and attitude to breastfeeding. The research was designed as a cross-sectional study. It was carried out with 347 mothers in a university hospital between December 2021 and July 2022. Data was collected via a personal informational form, the Postpartum Sleep Quality Scale (PSQS), the Perception of Insufficient Milk (PIM) Questionnaire and the Breastfeeding Attitude Rating Scale (BAAS). According to the results of the correlation analysis, there was a statistically significant negative relationship between the total mean score of the Postpartum Sleep Quality Scale and the mean total score of both the Perception of Insufficient Milk and the Breastfeeding Attitude Assessment Scale (r = -.340, p = .000 and r = -.153, p = .002 respectively). Examining the variables relating to the PIM score, a statistically significant correlation was found between age, PSQS, education level (bachelor's graduates and above), mode of birth (general anesthesia and cesarean) and breastfeeding experience (previously having given birth or having breastfed a baby) [(R = .448; R2 = ,200; F(5.341) = 17,096; p < .001)]. Mothers often need support to improve their sleep quality, as inadequate milk perception develops due to inadequate milk perception in the early postpartum period and changes their breastfeeding attitudes. (PsycInfo Database Record (c) 2025 APA, all rights reserved)","Journal

Peer Reviewed Journal",English,2023
3,Prevalence and predictors of postpartum depression and generalized anxiety symptoms among women who delivered at a tertiary hospital in Mwanza Tanzania: A cross-sectional study. [References].,https://dx.doi.org/10.1007/s44192-024-00074-5,"Mwita, Matiko

Patten, Scott

Dewey, Deborah",Discover Mental Health,"Background: Postpartum depression and anxiety are major public health concerns that affect 3-39% of women after childbearing and can adversely affect maternal and child health. Most studies have investigated postpartum depression and anxiety and their associated factors among women 4-12 weeks after delivery. There is a scarcity of research among women immediately after delivery from low- and middle-income countries, the gap this study aimed to fill. Methods: A descriptive cross-sectional study was conducted among 386 postpartum women within one week after delivery. The Edinburg Postnatal Depression Scale was used to assess depressive symptoms and the Generalized Anxiety Disorder-7 scale was used to screen for symptoms of generalized anxiety disorder. Participants were systematically selected from the postnatal wards and interviewed by trained research assistants from November 2019 to March 2020. Results: Using standard cut points, the prevalence of depressive and anxiety symptoms was 25.39%, and 37.31% respectively. Having a baby with a weight of 2.5 kgs or more and having partner support were associated with decreased odds of both depression and anxiety symptoms. In contrast, complications during delivery, caesarian section, marital status, and partner violence, were associated with increased odds of depressive and anxiety symptoms post-delivery. Conclusion: There was a high prevalence of postpartum depression and anxiety symptoms among the study participants in the first week post-delivery, with delivery complications and outcome and psychosocial supports identified as associated factors for depression and anxiety symptoms. These findings highlight the need for early screening to identify those at risk for appropriate intervention. (PsycInfo Database Record (c) 2025 APA, all rights reserved)","Journal

Peer Reviewed Journal",English,2024
4,Association of intrauterine device use and risk of abnormal cervical cytology. [References].,https://dx.doi.org/10.1080/13625187.2025.2453869,"Correa, Christine M

Zeferino, Luiz C

Bahamondes, Luis",The European Journal of Contraception and Reproductive Health Care,"Objective: To determine whether intrauterine device (IUD) use is associated with a significantly increased risk of abnormal cervical cytology. Methods: A retrospective cohort study was carried out at the University of Campinas, Campinas, SP, Brazil. Data came from medical records of 2,963 women from a family planning clinic who had undergone at least one cervical cytology for screening between 1990 and 2017. Women were split into three groups: users of either copper (Cu)- or the levonorgestrel 52 mg-IUD (2,305) and users of other contraceptive methods (658). The dependent variable was the cytological results as normal and abnormal, based on the Bethesda System. The most severe cytological result of each participant was considered and when all her results were normal, the last one was considered. Results: IUD use was associated with a lower risk of abnormal cervical cytology after adjusting for the number of cytology assessments per participant (RR 0.74; 95% CI 0.55;0.99; p = 0.049). Abnormal cervical cytology was more common in women with multiple cytology assessments and a longer duration since sexual debut. For each additional cytology test, the risk increased by 33.8% (p < 0.001), and for every additional year since sexual debut, the risk increased by 6.2% (p < 0.001). A lower incidence of abnormal cervical cytology was observed among women with a history of caesarean delivery, with a 24.9% reduction in risk per additional caesarean (p < 0.001). IUD users underwent more cervical cytology assessments than non-IUD users. Conclusion: We identified low risk of abnormal cervical cytology among IUD users. (PsycInfo Database Record (c) 2025 APA, all rights reserved)
Abstract (Chinese)
(IUD), 19902017, -2963: (Cu-IUD)52 mg(LNG-IUD)(2,305), (658) Bethesda (), , , -, IUD(RR 0.74;95% CI 0.55-0.99;p = 0.049)-, 33.8%(p < 0.001);-, 6.2%(p < 0.001), -, 24.9%(p < 0.001), IUD IUD, IUD  (PsycInfo Database Record (c) 2025 APA, all rights reserved)","Journal

Peer Reviewed Journal",English,2025
5,A novel nomogram for predicting the risk of delayed onset lactogenesis ii among women who delivered via cesarean section in China. [References].,https://dx.doi.org/10.1080/03630242.2025.2457643,"Tian, Yingmo

Zhao, Yanping",Women & Health,"This study aimed to develop a prognostic nomogram to predict the risk of delayed onset lactogenesis II (DOL II) in Chinese women who delivered via cesarean section. A total of 143 women who delivered via cesarean section in our hospital between June 2021 and May 2022 were retrospectively reviewed. A nomogram was constructed using the independent predictors extracted from the logistic regression analysis. Validation of the prognostic model was conducted using the concordance index, calibration curves and decision curve analyses (DCAs). Multivariate analyses revealed that the factors associated with DOL II after cesarean section were gestational weight gain (GWG), gestational hypertension, previous breastfeeding experience and previous insufficient lactation. The nomogram was constructed based on the above four factors. The area under the receiver operating characteristic curve was 0.801 in the validation set. The Youden index of the model was 0.49, with a sensitivity of 0.661 and a specificity of 0.829. The DCA indicated that our nomogram provided excellent positive net clinical benefits for predicting the risk of DOL II. This nomogram can provide a scientific basis for medical workers to promptly identify the risk of DOL II in women who have undergone cesarean section, prevent the occurrence of DOL II and improve the breastfeeding rate of mothers and the quality of life of newborns. (PsycInfo Database Record (c) 2025 APA, all rights reserved)","Journal

Peer Reviewed Journal",English,2025
6,Disparities by race in pregnancy care and clinical outcomes in women with multiple sclerosis: A diverse multicenter cohort. [References].,https://dx.doi.org/10.1212/WNL.0000000000208100,"Radzik, Anne Marie

Amezcua, Lilyana

Anderson, Annika

Gilmore, Serena

Ahmad, Sophie

Brandstadter, Rachel

Fabian, Michelle T

Graham, Edith L

Hodgkinson, Sophia

Horton, Lindsay

Jacobs, Dina A

Katz Sand, Ilana B

Kohli, Amit

Levine, Libby

McLemore, Monica

Okai, Annette F

Patel, Jasmin

Poole, Shane

Riley, Claire

Satyanarayan, Sammita

Tardo, Lauren

Verter, Elizabeth

Villacorta, Veronica

Zimmerman, Vanessa

Zuroff, Leah

Williams, Mitzi J

Houtchens, Maria K

Bove, Riley",Neurology,"Background and Objectives: Racial disparities exist in both neurologic and obstetric populations, underscoring the importance of evaluating pregnancy outcomes in diverse women with multiple sclerosis (MS). The objective of this multicenter retrospective study was to compare pregnancy care and outcomes between Black and Hispanic (underrepresented) and White women with MS. Methods: Demographic and clinical data were extracted from medical records of 9 US MS centers for women with MS/clinically isolated syndrome who delivered live births between 2010 and 2021. Sites identified at last 15 consecutive Black/Hispanic women and a matching number of White women. Socioeconomic factors, pregnancy, and MS care/outcomes were compared between groups (underrepresented and White and then Black and Hispanic) using Wilcoxon rank sum (U statistic and effect size r reported), chi2, t tests and logistic regressions as appropriate to data type. Multiple imputation by chained equation was used to account for missing data. Results: Overall, 294 pregnancies resulting in live births were analyzed ( 81 Black, 67 Hispanic, and 146 White mothers). Relative to underrepresented women, White women lived in areas of higher median (interquartile range [IQR]) Child Opportunity Index (79 [45.8] vs 22 [45.8], U = 3,824, r = 0.56, p < 0.0001) and were more often employed (84.9% vs 75%, odds ratio [OR] 2.57, CI 1.46-4.50, p = 0.0008) and privately insured (93.8% vs 56.8%, OR 11.6, CI 5.5-24.5, p < 0.0001) and more received a 14-week ultrasound (98.6% vs 93.9%, OR 4.66, CI 0.99-21.96, p = 0.027). Mode of delivery was significantly different between the three groups (X2(10,294) = 20.38, p = 0.03); notably, Black women had the highest rates of emergency cesarean deliveries, and Hispanic women highest rates of uncomplicated vaginal deliveries. Babies born to underrepresented women had lower median (IQR) birthweights than babies born to White women (3,198 g [435.3 g] vs 3,275 g [412.5 g], U = 9,255, r = 0.12, p = 0.04) and shorter median (IQR) breastfeeding duration (4.5 [3.3] vs 6.0 [4.2] months, U = 8,184, r = 0.21, p = 0.003). While underrepresented women were younger than White women (mean [SD] 30.9 [4.8] vs 33.8 [4.0], t = 1.97, CI 1.96-3.98, p < 0.0001), their median (Q1-Q3, IQR) Expanded Disability Status Scale was higher (1.5 [1-2.5, 1.5] vs 1 [0-1.5, 1.5], U = 7,260, r = 0.29, p < 0.0001) before pregnancy. Finally, medical records were missing more key data for Black women (19.7% missing vs 8.9% missing, OR 2.54, CI 1.25-5.06, p = 0.008). Discussion: In this geographically diverse multicenter cohort, underrepresented women entered pregnancy with higher disability and fewer health care resources. Pregnancy represents a pivotal window where structural factors affect maternal and fetal health and neurologic trajectories; it is a critical period to optimize care and health outcomes. (PsycInfo Database Record (c) 2025 APA, all rights reserved)","Journal

Peer Reviewed Journal",English,2024
7,Artificial intelligence in predicting postpartum hemorrhage in twin pregnancies undergoing cesarean section. [References].,https://dx.doi.org/10.1017/thg.2024.48,"Dogru, Sukran

Ezveci, Huriye

Akkus, Fatih

Bahceci, Pelin

Yaman, Fikriye Karanfil

Acar, Ali",Twin Research and Human Genetics,"This study aimed to create a risk prediction model with artificial intelligence (AI) to identify patients at higher risk of postpartum hemorrhage using perinatal characteristics that may be associated with later postpartum hemorrhage (PPH) in twin pregnancies that underwent cesarean section. The study was planned as a retrospective cohort study at University Hospital. All twin cesarean deliveries were categorized into two groups: those with and without PPH. Using the perinatal characteristics of the cases, four different machine learning classifiers were created: Logistic regression (LR), support vector machine (SVM), random forest (RF), and multilayer perceptron (MLP). LR, RF, and SVM models were created a second time by including class weights to manage the underlying imbalances in the data. A total of 615 twin pregnancies were included in the study. There were 150 twin pregnancies with PPH and 465 without PPH. Dichorionity, PAS, and placenta previa were significantly higher in the PPH-positive group (p = .045, p = .004, p = .001 respectively). In our model, LR with class weight was the best model with the highest negative predictive value. The AUC in our LR with class weight model was %75.12 with an accuracy of 70.73%, a PPV of 47.92%, and an NPV of 85.33% in our data. Although the application of machine learning to create predictive models using clinical risk factors and our model's 70% accuracy rate are encouraging, it is not sufficient. Machine learning modeling needs further study and validation before being incorporated into clinical use. (PsycInfo Database Record (c) 2025 APA, all rights reserved)","Journal

Peer Reviewed Journal",English,2025
8,Buprenorphine-naloxone versus buprenorphine for opioid use disorder during pregnancy: A systematic review and meta-analysis. [References].,https://dx.doi.org/10.1016/j.drugalcdep.2025.112632,"de Lima, Fernanda Ribeiro

Molino, Gabriela Oliveira Goncalves

Ruelas, Mariano Gallo

Barbosa, Eduardo Cerchi

da Silva, Pedro Henrique Costa Matos

de Melo Guimaraes, Felipe Bandeira

Petrucci, Arthur Bezerra Cavalcanti

da Silva, Giovanna Hanike Santos

Sbardelotto, Angelo Eduardo Espindola

Lanca, Saulo Bernardo

Garbacka, Alicja",Drug and Alcohol Dependence,"Background: The standard of care for treating opioid use disorder (OUD) during pregnancy includes either buprenorphine or methadone. Although buprenorphine-naloxone presents an alternative due to the reduced risk of misuse , evidence regarding its impact on pregnancy and infant health remains limited. This systematic review and meta-analysis aims to compare buprenorphine-naloxone vs buprenorphine alone for OUD during pregnancy, assessing gestational and neonatal outcomes. Methods: We systematically searched MEDLINE, Embase, and Cochrane Library databases to identify studies comparing buprenorphine-naloxone versus buprenorphine for OUD during pregnancy. The primary outcome assessed was neonatal abstinence syndrome (NAS). Pooled risk ratios (RR) and mean differences (MD) with 95 % confidence intervals (CI) were calculated using R statistical software and quality assessment was performed following Cochrane recommendations. Results: Six retrospective cohorts were included, encompassing 9348 mother-infant dyads, of whom 38.3 % received buprenorphine-naloxone. NAS requiring treatment (RR 0.77; 95 % CI 0.71-0.84; p < 0.01) and small for gestational age infants (RR 0.86; 95 % CI 0.76-0.98; p = 0.03) were significantly less frequent in the buprenorphine-naloxone group. No significant differences were found between the groups for cesarean delivery (RR 1.04; 95 % CI 0.98-1.11; p = 0.20), low birth weight (RR 1.07; 95 % CI 0.91-1.24; p = 0.41), and preterm delivery (RR 1.07; 95 % CI 0.96-1.21; p = 0.22). Conclusion: Pregnant people treated with buprenorphine-naloxone had neonates with a lower risk of small for gestational age and NAS. Further research is needed to confirm these findings and explore other pregnancy-related and neonatal outcomes. (PsycInfo Database Record (c) 2025 APA, all rights reserved)","Journal

Peer Reviewed Journal",English,2025
9,"Health insurance, race, and receipt of a postpartum visit among patients giving birth in a referral hospital in the US South. [References].",https://dx.doi.org/10.1016/j.socscimed.2025.117922,"Rattan, Jesse

Leach, Justin M

Blanchard, Christina

Tipre, Meghan

Bartlett, T. Robin

Amiri, Azita

Baskin, Monica L

Sinkey, Rachel

Turan, Janet M",Social Science & Medicine,"Background: The United States faces a maternal mortality crisis with stark and unacceptable disparities. Postpartum care (PPC) is crucial for identifying and managing complications after childbirth. However, access to PPC is inconsistent, especially for marginalized individuals such as Black birthing people and Medicaid beneficiaries. We examined the effect of the intersection of race and insurance type on the patients' receipt of postpartum care (PPC) in a large referral hospital in the Southeast US. Methods: In this cross-sectional retrospective cohort study, we analyzed data from electronic health records for 14,531 people who gave birth from January 2014 to March 2020 in a labor and delivery unit caring for more than 4000 births per year in the Southern US. Variables included race/ethnicity, insurance status, maternal age, number of living children, mode of delivery, and presence of chronic conditions. We produced descriptive statistics and used multivariable log-binomial models to estimate adjusted risk ratios (RR) for receiving PPC, including interaction terms between race and insurance. Results: In a retrospective analysis of electronic health records of 14,531 patients who gave birth in a large health system in the US South, 53.0% of patients received a clinic-based PPC visit. Having private insurance, compared to Medicaid insurance, was associated with a higher likelihood of receiving clinic-based PPC but a lower likelihood of visiting the Maternity Evaluation Unit, a special unit for urgent or emergency care. Conclusion: Type of insurance is associated with receipt of postpartum care. Disparities in PPC are modestly influenced by the interaction between race and insurance type. Private insurance, as compared to Medicaid insurance, increases the likelihood of postpartum care across all racial groups with some differences in this relationship by race/ethnicity. Next steps should include qualitative research that helps us better understand the differences in receipt of PPC by insurance coverage and the interactions between insurance status and race. Implementation research should also test practical strategies to increase access to postpartum care, particularly for Medicaid-insured and other marginalized individuals. (PsycInfo Database Record (c) 2025 APA, all rights reserved)","Journal

Peer Reviewed Journal",English,2025
10,Informational video on preoperative anxiety and postoperative satisfaction prior to elective cesarean delivery: A systematic review and meta-analysis. [References].,https://dx.doi.org/10.1186/s40359-023-01499-3,"Maghalian, Mahsa

Mohammad-Alizadeh-Charandabi, Sakineh

Ranjbar, Minoo

Alamdary, Farzaneh Aslanpour

Mirghafourvand, Mojgan",BMC Psychology,"Background: Preoperative anxiety affects 60 to 80% of patients who are candidates for surgery. Reducing preoperative anxiety can improve surgical outcomes, shorten hospital stays, and minimize disruptions in lifestyle. Having information affects people ability to identify important points and improve their understanding, and lack of information causes fear and anxiety, which negatively affects decision-making. Studies have shown that the intervention of education before cesarean section has a beneficial effect on women anxiety level. Providing information before surgery can reduce patients' anxiety. This study was conducted to determine the effect of information video before elective cesarean delivery on preoperative anxiety and post-operative satisfaction. Methods: The search for relevant studies was systematically conducted in PubMed, Scopus, Web of Science, Cochrane Library, SID (Persian database), and Google Scholar (search engine) until July 4, 2023, in both English and Persian languages. The revised tool for assessing the risk of bias in randomized trials (RoB 2.0) and ROBIN-I were used to evaluate the risk of bias, and heterogeneity was assessed using I2. In cases of high heterogeneity, a random effects model was used instead of a fixed effects model. Subgroup analysis was performed based on the duration of the video, and the type of intervention for the primary outcome. Sensitivity analysis was conducted based on the type of study. A random-effects meta-regression analysis was conducted to identify potential sources of high heterogeneity for preoperative anxiety. The certainty of the evidence was assessed using GRADE. Results: A total number of 557 articles were found in databases. Three hundred sixty-eight studies were screened based on their titles, abstracts, and full texts. Of these, 16 studies were assessed for eligibility, and 7 were excluded. Ultimately, nine papers were included. Meta-analysis results showed that the information video before elective cesarean delivery compared to control group may have little or no effect on preoperative anxiety, but the evidence is uncertain (SMD - 0.22, 95% CI -0.51 to 0.06, 9 trials, 1020 participants, I2 = 80%; very low-certainty evidence). Also, it probably increases the post-operative satisfaction (SMD 0.26, 95% CI 0.10 to 0.42, 5 trials, 618 participants, I2 = 0%; Moderate-certainty evidence). The random effect meta-regression analyses indicated a significant correlation between the mean age of the intervention group (beta = 0.137, P < 0.001) and the mean age of the control group (beta = 0.150, P = 0.0246) with effect size. Conclusion: This study found that watching an informational video prior to elective cesarean delivery resulted in a decrease in preoperative anxiety. However, it is important to note that the reduction was not statistically significant, and there was a high level of inconsistency among the results. Nonetheless, the intervention did lead to an improvement in women's post-operative satisfaction. To determine the optimal time duration and content type of informational videos, further studies with more appropriate methodology are necessary. (PsycInfo Database Record (c) 2025 APA, all rights reserved)","Journal

Peer Reviewed Journal",English,2024
11,The impact of elective surgery postponement during COVID-19 on emergency bellwether procedures in a large tertiary centre in Singapore. [References].,https://dx.doi.org/10.1093/intqhc/mzae022,"Chan, Sze Ling

Zhang, Alwin Yaoxian

Lam, Sean Shao Wei

Rao, Vijaya

Kanagalingam, Devendra

Tan, Hiang Khoon

Chow, Pierce Kah Hoe

Mathur, Sachin",International Journal for Quality in Health Care,"The coronavirus disease 2019 (COVID-19) pandemic drove many healthcare systems worldwide to postpone elective surgery to increase healthcare capacity, manpower, and reduce infection risk to staff. The aim of this study was to assess the impact of an elective surgery postponement policy in response to the COVID-19 pandemic on surgical volumes and patient outcomes for three emergency bellwether procedures. A retrospective cohort study of patients who underwent any of the three emergency procedures [Caesarean section (CS), emergency laparotomy (EL), and open fracture (OF) fixation] between 1 January 2018 and 31 December 2021 was conducted using clinical and surgical data from electronic medical records. The volumes and outcomes of each surgery were compared across four time periods: pre-COVID (January 2018-January 2020), elective postponement (February-May 2020), recovery (June-November 2020), and postrecovery (December 2020-December 2021) using Kruskal-Wallis test and segmented negative binomial regression. There was a total of 3886, 1396, and 299 EL, CS, and OF, respectively. There was no change in weekly volumes of CS and OF fixations across the four time periods. However, the volume of EL increased by 47% [95% confidence interval: 26-71%, P = 9.13 x 10-7) and 52% (95% confidence interval: 25-85%, P = 3.80 x 10-5) in the recovery and postrecovery period, respectively. Outcomes did not worsen throughout the four time periods for all three procedures and some actually improved for EL from elective postponement onwards. Elective surgery postponement in the early COVID-19 pandemic did not affect volumes of emergency CS and OF fixations but led to an increase in volume for EL after the postponement without any worsening of outcomes. (PsycInfo Database Record (c) 2025 APA, all rights reserved)","Journal

Peer Reviewed Journal",English,2024
12,Nurturing networks: A prospective longitudinal study of factors influencing help-seeking behaviours among mothers from low socioeconomic status. [References].,https://dx.doi.org/10.1111/jan.16382,"Shorey, Shefaly

Ng, Jamie Qiao Xin

Liu, Verity Chandelle

Chan, Yiong Huak

Chee, Cornelia Yin Ing",Journal of Advanced Nursing,"Aim: To explore the factors influencing help-seeking behaviours amongst mothers with low socioeconomic status at pregnancy, 1 month postpartum and 3 months postpartum. Methods: A prospective cohort study was conducted from September 2022 to August 2023. A total of 209 mothers aged 21 years and above, with low socioeconomic status and irrespective of parity, were recruited from a local hospital using convenience sampling. Self-administered questionnaires were used to collect data at (1) third trimester of pregnancy, (2) 1 month postpartum and (3) 3 months postpartum. Multiple regression analysis was used to identify significant factors influencing help-seeking behaviour at 3 months postpartum. Sub-analyses were conducted between primiparous mothers and multiparous mothers. General linear model repeated measures were used to identify longitudinal trends in outcomes of help-seeking behaviour. Results: Help-seeking behaviour at pregnancy and 1 month postpartum, sources of social support at 3 months postpartum, birth order of the child, attendance of antenatal classes, paternal involvement in feeding and changing diapers and mode of delivery significantly predicted mothers' help-seeking behaviour at 3 months postpartum. Amongst primiparous mothers, help-seeking behaviour at pregnancy at 1 month, social support at 3 months postpartum, employment in part-time jobs and exclusively breastfeeding their infant were significant factors in influencing their help-seeking behaviours at 3 months postpartum. For multiparous mothers, help-seeking behaviour at pregnancy and 1 month postpartum, number of hours of antenatal class attended, Malay ethnicity, educational background, parental satisfaction at 3 months postpartum and infant bonding at both time points were significant factors influencing their help-seeking behaviours at 3 months postpartum. Conclusion: Primiparous mothers with low socioeconomic status who underwent caesarean section exhibited less help-seeking behaviours. Attendance of antenatal classes and greater paternal involvement in infant care encouraged mothers with low socioeconomic status to help-seeking behaviours. A tailored approach is needed to support mothers with low socioeconomic status by providing additional support in improving the accessibility of antenatal classes and involving fathers in infant care. Impact: What Problem Did the Study Address?: Mothers with low socioeconomic status tend to exhibit lower help-seeking behaviours due to limited support and access to care services. What Were the Main Findings?: First-time mothers who underwent caesarean section, did not attend antenatal classes, and had husbands uninvolved in feeding and diaper changing were significantly less likely to seek help in the third month postpartum. One and 3 months postpartum are crucial time points when mothers with low socioeconomic status could benefit from additional support. Hospitals should explore online informational resources, forums, teleconsultations and virtual antenatal classes as possible alternative options to improve accessibility for mothers with low socioeconomic status. Where and on Whom Will the Research Have an Impact?: Mothers with low socioeconomic status and healthcare providers of mothers with low socioeconomic status will benefit from the findings of this research. This study was conducted within the Singapore context. Findings could be generalizable to other cultural contexts with similar multi-ethnic populations. Reporting Method: STROBE checklist. Patient or Public Contribution: No patient or public contribution. (PsycInfo Database Record (c) 2025 APA, all rights reserved)","Journal

Peer Reviewed Journal",English,2025
13,"Cesarean section, childhood health, and schooling: Quasi-experimental evidence from Denmark, Norway and Sweden. [References].",https://dx.doi.org/10.1002/hec.4914,"Rogvi, Jessica a

Butikofer, Aline

Krebs, Lone

Muhlrad, Hanna

Wust, Miriam",Health Economics,"Despite being one of the most common surgical procedures in industrialized countries, there is limited causal evidence on the long-term consequences of Cesarean section (CS). We study the impacts of CS on health during ages 1-12 years and human capital outcomes at age 16 years, using exogenous variation in the probability of receiving a CS for breech births at term-a group with high CS risk. We use administrative data from Denmark, Norway, and Sweden to show that preventing complicated vaginal births benefits health at birth and reduces the number of all-cause hospital nights during childhood. Our findings for childhood diagnoses for asthma, allergies, diabetes mellitus type 1, and school outcomes are imprecise and do thus not lend strong support for prominent hypotheses on CS causing long-term immune dysfunction disorders and, thereby, worse human capital outcomes. (PsycInfo Database Record (c) 2025 APA, all rights reserved)","Journal

Peer Reviewed Journal",English,2025
14,Effects of the web-based birth preparation programme and motivational interviews on primigravida women: Randomized-controlled study. [References].,https://dx.doi.org/10.1111/ijn.13207,"Yesildag, Birnur

Golbasi, Zehra",International Journal of Nursing Practice,"Aim: This study aimed to identify the effects of a web-based birth preparation programme based on the Health Belief Model and supported by motivational interviews on fear of childbirth, self-efficacy and the labour process in primigravida women. Methods: The study was conducted in a single-blind, randomized controlled design with 73 pregnant women. The Birth Health Belief Scale, the Wijma Delivery Expectation/Experience Questionnaire A-B, the Childbirth Self-efficacy Scale and the Labour Process Assessment forms were used to collect data. Five sessions of motivational interviews were held with the pregnant women in the experimental group, while those in the control group were administered placebo education. Results: Fear of birth was lower, and the birth self-efficacy total score was higher in the experimental group. None of the groups indicated significant differences in terms of their mode of delivery. Conclusion: Health Belief Model-based web-based birth preparation programme and motivational interviews were found to reduce the fear of birth, increase self-efficacy and positively affect the birth process in primigravida women. (PsycInfo Database Record (c) 2025 APA, all rights reserved)","Journal

Peer Reviewed Journal",English,2024
15,Long-term impacts of early adversity on subjective well-being: Evidence from the chinese great famine. [References].,https://dx.doi.org/10.1016/j.jebo.2025.106905,"Ren, Qianping

Wang, Liyan

Ye, Maoliang",Journal of Economic Behavior & Organization,"Employing a difference-in-differences method across birth cohorts and regions with nationally representative data, this study examines the impact of the 1959-1961 Chinese Great Famine on survivors' subjective well-being (SWB) fifty years later. Early-life exposure significantly reduces emotional and eudaimonic SWB, especially among females; evaluative SWB remains unaffected. Mechanism analysis highlights health status and social integration as primary channels, with socioeconomic status playing a limited role. This study is the first to systematically analyze the famine's SWB effects, revealing variability across well-being dimensions. Our findings underscore early-life circumstances' pivotal role in SWB and the enduring consequences of adversity and public disasters. (PsycInfo Database Record (c) 2025 APA, all rights reserved)","Journal

Peer Reviewed Journal",English,2025
16,The impact of recreational cannabinoid legalization on utilization in a pregnant population. [References].,https://dx.doi.org/10.3389/fpubh.2024.1278834,"Torres, Jacob

Miller, Colton

Apostol, Michael

Gross, Jessica

Maxwell, Jessie R",Frontiers in Public Health,"Background: Marijuana potency and utilization both continue to increase across the United States. While the overall prevalence of cannabinoid utilization during pregnancy has been surveyed in various studies, the direct impact of changing governmental policies on pregnancy use is less characterized. Thus, we aimed to investigate how the legalization of recreational cannabinoid products impacted use during pregnancy in the state of New Mexico. Methods: Participants who had a live birth during two study epochs were included: pre-legalization (Epoch 1: 1 January 2019-31 March 2021) and post-legalization (Epoch 2: 1 November 2021-30 November 2022). Participants were further divided into case group [prenatal cannabinoid exposure (PCE)] vs. control (no PCE), with cases being identified by documented self-report or a positive laboratory toxicology test for cannabinoid use during pregnancy. Results: A total of 1,191 maternal/infant dyads were included in Epoch 1, and 378 maternal/infant dyads were included in Epoch 2. In Epoch 1, 788 dyads were controls with 403 cases, while Epoch 2 had 292 controls and 86 cases. Interestingly there was a significant decrease in self-report or positive laboratory toxicology tests in Epoch 2 compared to Epoch 1. Infants born following PCE in both Epoch groups were more commonly born via Cesarean section, had significantly smaller birth weight, length, and head circumference as well as significantly lower Apgar scores at 1 and 5 min. Conclusion: The finding of decreased reported cannabinoid use in the post-legalization group is contradictory to previous studies which have shown increased rates of cannabinoid use after legalization. This could be due to multiple factors including changes in screening practices, the COVID-19 pandemic, and lack of commercialization of THC products. Additional studies are needed to further characterize how changing governmental policies impacts utilization during pregnancy. (PsycInfo Database Record (c) 2025 APA, all rights reserved)","Journal

Peer Reviewed Journal",English,2024
17,"Paternal postpartum depression and associated factors among partners of women who gave birth in Seka Town, Southwest Ethiopia. [References].",https://dx.doi.org/10.1177/15579883241277100,"Dabala, Obsa

Abdulahi, Misra

Worku, Bekelu Teka",American Journal of Men's Health,"Despite epidemiologic studies demonstrating the increased incidence of paternal postpartum depression, their emotional health is overlooked throughout their partner's pregnancy and postpartum period as postpartum depression has been traditionally construed as a disease of women. Traditional masculinity norms also result in a lack of recognition and barriers to the treatment of depression in men. This study is aimed to determine the prevalence and factors of paternal postpartum depression among fathers whose wives gave birth. A community-based cross-sectional study was conducted from July 7 to 17, 2023. The 288 sample size was estimated using a single population proportion formula and selected by random sampling technique. The data were exported from Kobo Toolbox and analyzed using SPSS version 26. Candidate variables were identified in bivariate at p < .25 for the multivariate analysis. A p < .05 and adjusted odds ratio (AOR) were used to determine the significance. A total of 280 partners participated making a 97.22% response rate. Paternal postpartum depression was 19.6%(95% confidence interval [CI] = [15.4%, 24.3%]). It was significantly associated with history of depression (AOR = 4.4, 95% CI = [1.7, 10.9]), unplanned pregnancy (AOR = 4.7, 95% CI = [1.9, 11.3]), alcohol consumption (AOR: 3.0, 95% CI = [1.3, 7.4]), infant sleeping problem (AOR: 3.0, 95% CI = [1.1, 8.9]), and mode of delivery (AOR: 3.0, 95% CI = [1.3, 7.6]). This study concluded that paternal postpartum depression was high. The researchers recommended the inclusion of men's mental health services like screening into women's postnatal health care. (PsycInfo Database Record (c) 2025 APA, all rights reserved)","Journal

Peer Reviewed Journal",English,2024
18,"The effect of low-dose esketamine on pain and post-partum depression after cesarean section: A prospective, randomized, double-blind clinical trial. [References].",https://dx.doi.org/10.3389/fpsyt.2022.1038379,"Shen, Jiahong

Song, Congzhong

Lu, Xinlei

Wen, Yuxin

Song, Shaobo

Yu, Jing

Sun, Jianliang",Frontiers in Psychiatry,"Objective: To observe and evaluate the effect of a single intravenous injection of low-dose esketamine on post-operative pain and post-partum depression (PPD) in cesarean delivery patients. Methods: A total of 210 patients undergoing elective cesarean delivery under combined spinal-epidural anesthesia were divided into an esketamine group (Group S, n = 105) and a normal saline group (Group L, n = 105) by a random number table. At 5 min after childbirth, patients in the S group were given 0.25 mg/kg esketamine, whereas patients in the L group received an equal volume of saline. The primary outcomes included post-operative pain control according to the Numerical Rating Scale (NRS) and the incidence of PPD according to the Edinburgh Post-partum Depression Scale (EPDS). The secondary outcomes included analgesia-related adverse events and Ramsay sedation scores. Results: This clinical study was a prospective, randomized, double-blind trial. A total of 210 patients were enrolled in this study. The NRS pain (cough pain) score was lower in the S group than in the L group at 24 h after surgery (P = 0.016), and there was no significant difference in resting pain and mobilization pain at 4, 8, and 48 h after surgery or resting pain at 24 h after surgery between the two groups. There was no significant difference in the prevalence of PPD between the two groups on the day before delivery, or at the first week, the second week, or the fourth week after childbirth. At 5 min after dosing, the incidence of hallucinations (P < 0.001) and dizziness (P < 0.001) was higher in the S group than in the L group. At 15 min after dosing, the incidence of dizziness (P < 0.001) and nausea (P = 0.011) was higher in the S group than in the L group. The incidence of dizziness (P < 0.001) was higher in the S group than in the L group when leaving the operating room. The Ramsay scores in Group S were lower than in Group L at 5 min (p < 0.001), 15 min (p < 0.001) after dosing and at the time of leaving the operating room (p < 0.001). Conclusion: In this study, a single intravenous injection of 0.25 mg/kg esketamine did not reduce the incidence of depression at 1, 2, or 4 w post-partum but improved pain during exercise at 24 h post-operatively under the conditions of this clinical trial. (PsycInfo Database Record (c) 2025 APA, all rights reserved)","Journal

Peer Reviewed Journal",English,2023
19,Stringent regulations of oocyte donation among Jewish women in Israel: Characteristics and outcomes of the national oocyte donation program in one central IVF unit. [References].,https://dx.doi.org/10.1007/s10943-024-02200-7,"Preisler, Livia

Samara, Nivin

Kalma, Yael

Arad, Tali

Groutz, Asnat

Azem, Foad

Amir, Hadar",Journal of Religion and Health,"On September 5, 2010, the Israeli Parliament passed a law that allows Israeli female residents to donate their oocytes to infertile Israeli female residents. This law includes unique restrictions that do not exist in other countries. Our aim was to characterize Israeli oocyte donors and recipients and the outcomes of the oocyte donation program as regulated by national law. This retrospective study included 26 financially compensated volunteer donors (mean age 29 +/- 3.52 years) and 69 recipients (mean age 44.6 +/- 3.53 years) who underwent 30 intracytoplasmic sperm injection cycles and 166 embryo transfers (ETs) in our unit between March 2016 and November 2020. Stringent legal caveats unique to Israel (e.g., Jewish/Moslem donor only to Jewish/Moslem recipient, only unmarried donor, eggs in one cycle restricted to <= 3 recipients, donated sperm only from non-Jewish donors, and more) were meticulously applied. Sociodemographic characterizations of donors and recipients were reviewed, and pregnancy and obstetric outcomes were determined. Variables that were significant in achieving live births among the recipients were examined. Twenty-five donors and all 69 recipients were Jewish, and most were unmarried and childless. The main indication for seeking egg donation was age >= 40 years/perimenopause (80%). One-half of the recipients used donor sperm and one-half used partner sperm. The pregnancy, clinical pregnancy, live birth, and miscarriage rates were 28.6%, 19.2%, 18.2%, and 2.8%. The live birth rate was negatively associated with multiple ETs. Maternal complications included hypertensive disorders of pregnancy (18.2%), gestational diabetes mellitus (32.3%), and caesarean sections (78.8%). There were no adverse neonatal outcomes. In conclusion, few young women are interested in donating oocytes in Israel. Pregnancy and live birth rates are lower than published values in other egg donation programs. (PsycInfo Database Record (c) 2025 APA, all rights reserved)","Journal

Peer Reviewed Journal",English,2025
20,Stress in pregnancy - Implications for fetal BDNF in amniotic fluid at birth. [References].,https://dx.doi.org/10.1016/j.ynstr.2024.100658,"Lamade, Eva Kathrin

Pedraz-Petrozzi, Bruno

Lindner, Ole

Meininger, Pascal

Pisters, Antonia

Gilles, Maria

Witt, Stephanie H

Rietschel, Marcella

Dukal, Helene

Schunk, Fabian

Coenen, Michaela

Wudy, Stefan A

Hellweg, Rainer

Deuschle, Michael",Neurobiology of Stress,"Introduction: At the maternal-fetal interface in pregnancy, stress during pregnancy can lead to an increased vulnerability to later psychopathology of the fetus. Potential mediators of this association have scarcely been studied and may include early alterations of fetal brain-derived neurotrophic factor (BDNF). Amniotic fluid is of particular interest for effects on fetal endocrine alterations, as the assessment in amniotic fluid allows for measurements over a time integral. This study hypothesized that maternal psychometrics, socioeconomic status and glucocorticoids are related to BDNF levels in amniotic fluid at birth. The association of fetal BDNF with newborn anthropometrics was tested. Methods: Women near term who underwent elective cesarean section and their newborns were investigated (n = 37). Maternal psychometrics, socioeconomic status and glucocorticoids (the sum of cortisol and cortisone) in amniotic fluid at birth were analyzed for an association with fetal BDNF in amniotic fluid at birth. Newborn anthropometrics were assessed by length, weight, head circumference and gestational age at birth. Results: In bivariate analysis, maternal psychometrics and socioeconomic status were not related to fetal BDNF in amniotic fluid at birth. The sum of cortisol and cortisone related to increased fetal BDNF in amniotic fluid at birth (r = 0.745, p < 0.001). BDNF in amniotic fluid was associated negatively with fetal birth weight per gestational age (r = -0.519, p < 0.001), length per gestational age (r = -0.374, p = 0.023), head circumference per gestational age (r = -0.508, p = 0.001), but not with gestational age at birth. In multiple regression analysis, the sum of cortisol and cortisone (p < 0.001) and birth weight per gestational age (p = 0.012) related to higher fetal BDNF levels in amniotic fluid at birth (R2 = 0.740, p < 0.001) when controlling for fetal sex and maternal age. Head circumference per gestational age predicted fetal BDNF with borderline significance (p = 0.058) when controlling for confounders. Conclusion: Glucocorticoids in amniotic fluid were positively associated with high fetal BDNF at birth, which may be an adaptive fetal response. Maternal psychological variables and socioeconomic status did not link to fetal BDNF. Birth weight and head circumference per gestational age were inversely associated with fetal BDNF at birth, which may represent a compensatory upregulation of BDNF in fetuses with low anthropometrics. Longitudinal studies are needed to assess the role of stress during pregnancy on later offspring development. The analysis of additional fetal growth factors and inflammation upon maternal stress in further biomaterials such as the placenta is warranted, to understand mechanistic alterations of how maternal stress links to fetal development and an increased vulnerability for psychopathology. (PsycInfo Database Record (c) 2025 APA, all rights reserved)","Journal

Peer Reviewed Journal",English,2024
21,Perioperative esketamine administration for prevention of postpartum depression after the cesarean section: A systematic review and meta-analysis. [References].,https://dx.doi.org/10.1016/j.jad.2024.06.080,"Parsaei, Mohammadamin

Hasehmi, Seyedeh Melika

Seyedmirzaei, Homa

Cattarinussi, Giulia

Sambataro, Fabio

Brambilla, Paolo

Barone, Ylenia

Delvecchio, Giuseppe",Journal of Affective Disorders,"Background: Postpartum Depression (PPD) exerts a substantial negative effect on maternal well-being post-delivery, particularly among Cesarean Section (C/S) recipients. In this study, we aimed to review the efficacy of perioperative esketamine, the S-enantiomer of ketamine, in preventing PPD incidence and depressive symptoms as measured with the Edinburgh Postnatal Depression Scale (EPDS) after C/S. Methods: A systematic search for relevant articles was conducted in Scopus, PubMed, Web of Sciences, and PsycINFO until April 6, 2024. Meta-analyses were conducted using random-effect models to compare the PPD incidence and EPDS scores via log odds ratio and Hedge's g, respectively, during the first week post-C/S and at 42 days post-C/S in the esketamine and control group. Results: Fourteen studies, including 12 randomized controlled trials and 2 retrospective cohorts, were reviewed. Our meta-analyses found lower PPD incidence during the first week (log odds ratio: -0.956 [95 % confidence interval: -1.420, -0.491]) and at day 42 post-C/S (log odds ratio: -0.989 [95 % confidence interval: -1.707, -0.272]) among patients administered esketamine compared to controls. Additionally, EPDS scores for the esketamine group were significantly lower than controls during the first week (Hedge's g: -0.682 [95 % confidence interval: -1.088, -0.276]) and at day 42 post-C/S (Hedge's g: -0.614 [95 % confidence interval: -1.098, -0.129]). Limitations: Presence of various concomitant medications and heterogeneous study designs. Conclusion: Our review highlights the potential impact of esketamine in PPD prevention, as well as in alleviating depressive symptoms post-C/S, regardless of PPD occurrence, therefore suggesting the benefits of adding esketamine to peri-C/S analgesic regimen. (PsycInfo Database Record (c) 2025 APA, all rights reserved)","Journal

Peer Reviewed Journal",English,2024
22,"Growth Differentiation Factor 15 during pregnancy and postpartum as captured in blood, cerebrospinal fluid and placenta: A cohort study on associations with maternal mental health. [References].",https://dx.doi.org/10.1016/j.psyneuen.2024.107212,"Hogh, Stinne

Borgsted, Camilla

Hegaard, Hanne K

Renault, Kristina M

Ekelund, Kim

Bruzzone, Silvia E. P

Clemmensen, Christoffer

Klein, Anders B

Frokjaer, Vibe G",Psychoneuroendocrinology,"Introduction: Growth Differentiation Factor 15 (GDF15) increases substantially during pregnancy and is primarily produced by the placenta. Elevated levels of GDF15 have been associated with mental health problems in non-perinatal populations, higher corticosterone levels, and decreased estrogen receptor activity. However, the role of GDF15 in mental health during the perinatal transition remains unknown. This longitudinal study is the first to evaluate pregnancy levels of GDF15 in cerebrospinal fluid (cGDF15), plasma (pGDF15) and placenta GDF15 mRNA, along with mapping plasma GDF15 (pGDF15) level changes from late pregnancy to early postpartum. Moreover, we aimed to evaluate the association between pregnancy cGDF15 levels and cortisol early postpartum, evaluate the association between pregnancy cGDF15 levels and mental health in pregnancy and postpartum, and evaluate the association between pGDF15 and estrogens and high-sensitivity C-reactive protein (CRP). Methods: We included data from 95 women scheduled for a planned cesarean section and obtained cerebrospinal fluid (CSF) and plasma levels of GDF15. We quantified GDF15 mRNA levels in placenta biopsies. Estrogens, high-sensitivity CRP, and mental health measures were further collected on the day or one day before the cesarean section. At five weeks postpartum, mental health measures and saliva samples for cortisol analyses were collected. Correlation analyses for GDF15 in CSF, plasma, and placenta mRNA were performed, along with association analyses for pregnancy cGDF15, Cortisol Awakening Response, and mental health outcomes. Results: We demonstrated a strong correlation between cGDF15 and pGDF15 (r = 0.52; p < 0.001) and found that both cGDF15 and pGDF15 correlated with placenta GDF15 mRNA*placental weight (r = 0.62, p < 0.001 and r = ociated with pGDF15 levels (E2: p = 0.002; E3: p(corrected)<0.001). Finally, we found that cGDF15 levels were not associated with self-reported mental well-being or the Cortisol Awakening Response or absolute cortisol at awakening postpartum. Conclusion: This novel study points to the unique hormonal landscape during the perinatal transition and the specific role of GDF15 in pregnancy, which appears uncoupled with perinatal mental health and cortisol outcomes. Our data also strongly imply that the overall amount of circulating GDF15 in late pregnancy is closely related to placenta size. (PsycInfo Database Record (c) 2025 APA, all rights reserved)","Journal

Peer Reviewed Journal",English,2025
23,"Adverse obstetric and neonatal outcomes associated with maternal schizophrenia-spectrum disorders and prenatal antipsychotic use: A meta-analysis of 37,214,330 pregnancy deliveries and propensity-score weighted population-based cohort study assessing confounder dependency of risk estimates. [References].",https://dx.doi.org/10.1038/s41380-024-02723-1,"Chan, Joe Kwun Nam

Lee, Krystal Chi Kei

Correll, Christoph U

So, Yuen Kiu

Chan, Ching Yui

Wong, Corine Sau Man

Cheung, Ka Wang

Seto, Mimi Tin-Yan

Lin, Jessie

Chang, Wing Chung",Molecular Psychiatry,"Studies demonstrated increased obstetric and neonatal complications in women with schizophrenia-spectrum disorder (SSD), but most inadequately addressed confounders and rarely considered antipsychotic effects. We conducted a meta-analysis and a population-based cohort study evaluating associations of adverse obstetric/neonatal outcomes with SSD and prenatal antipsychotic use. In the meta-analysis, we searched four databases from inception to October-31-2023 and generated pooled risk estimates using random-effect models. In the cohort study, we identified women aged 15-50 years with SSD-diagnosis from electronic-heath-record database of public healthcare-services who delivered first/singleton children between 2003 and 2018 in Hong Kong. Propensity-score weighted regression-analyses incorporating important confounders including maternal pre-existing and gestational morbidities, substance/alcohol abuse, and psychotropic use, were performed to assess risk of adverse obstetric/neonatal outcomes in SSD-women versus non-SSD-women, and subsequently treated-SSD and untreated-SSD subgroups to disentangle effects of SSD from antipsychotic exposure. The meta-analysis (studies = 18, women = 37,214,330, including 42,926 SSD-women) found significant associations of SSD with 12 of 17 analyzed negative obstetric/neonatal outcomes (with pooled relative risk ranged:1.12-2.10), including placental complications, induced labor, Caesarean delivery, fetal distress, stillbirth, preterm birth, small-for-gestational-age, low birth weight, low APGAR scores, neonatal and post-neonatal deaths. However, the cohort study (466,358 women, including 804 SSD-women) revealed that elevated risk of most study outcomes in unadjusted-models were markedly-attenuated or became non-significant in propensity-score weighted adjusted-models, except index-delivery hospitalization >=7 days (odds ratio [OR] = 1.76 [95% CI = 1.33-2.34]), preterm birth (OR = 1.48 [95% CI = 1.09-2.00]) and neonatal special-care admission (OR = 1.65 [95% CI = 1.35-2.01]). Apart from higher neonatal special-care admission in treated-SSD than untreated-SSD women (OR = 1.75 [95% CI = 1.23-2.52]), no significant between-group differences emerged in other outcomes. In sum, elevated risk of most obstetric/neonatal complications reported in SSD-women might largely be explained by maternal physical comorbidities, substance/alcohol use disorders and other confounders. Interventions targeting modifiable maternal risk factors should be incorporated in prenatal care for SSD-women to minimize avoidable adverse outcomes. (PsycInfo Database Record (c) 2025 APA, all rights reserved)","Journal

Peer Reviewed Journal",English,2025
24,"Effects of planned training and music listened to before a cesarean section on surgical fear, anxiety and depression: A randomized controlled trial. [References].",https://dx.doi.org/10.1007/s12144-024-06095-1,"Guney, Demet

Pinar, Sukran Ertekin",Current Psychology: A Journal for Diverse Perspectives on Diverse Psychological Issues,"Purpose This research was conducted to determine the impact of a planned training program and music on fear, anxiety, and depression among women undergoing cesarean section. Methods The sample of the randomized-controlled experimental study consisted of a total of 120 pregnant women (music 40, training 40, and the control 40) scheduled for cesarean section at the Obstetrics Service. Instrumental music from the Turkish music modes (the Hejaz, Neva, and Acemasiran modes) was played for the music group, a planned training was given for the training group (what a cesarean section is, why a cesarean section should be performed, breastfeeding, mobilization, etc.) before the cesarean section, and no additional interventions were made for the control group. The data were collected using the Personal Information Form, Surgical Fear Questionnaire, and the Hospital Anxiety and Depression Scale. Results After the planned training and listening to music applications, statistically significant differences were found between the music, training, and the control groups in terms of the short-term, long-term sub-scale scores and the overall score of the Surgical Fear Questionnaire and the anxiety sub-scale scores of the Hospital Anxiety and Depression Scale (p < 0.05). Conclusions Listening to music before the cesarean section was effective in reducing women's short-term and general surgical fears, and the training was also effective in reducing their short-term, long-term, and general surgical fears and anxiety levels. However, the applications did not change depression levels. According to these findings, listening to music and provision of training are recommended to reduce surgical fears and anxiety levels of women before a planned cesarean section. (PsycInfo Database Record (c) 2024 APA, all rights reserved)","Journal

Peer Reviewed Journal",English,2024
25,Peripartum lithium management: Early maternal and neonatal outcomes. [References].,https://dx.doi.org/10.1016/j.jad.2024.08.140,"Imaz, Maria Luisa

Torra, Merce

Langohr, Klaus

Arca, Gemma

Soy, Dolors

Hernandez, Ana Sandra

Garcia-Esteve, Lluisa

Vieta, Eduard

Martin-Santos, Rocio",Journal of Affective Disorders,"Background: It has been suggested that a 30-50 % lithium dose reduction or lithium discontinuation 24-48 h before delivery could minimize neonatal complications. We investigated the maternal lithemia changes around delivery after a brief discontinuation, the placental transfer of lithium at delivery, and the association between neonatal lithemia at delivery and acute neonatal outcomes. Methods: A retrospective observational cohort study was conducted in a teaching hospital (November/2006-December/2018). Data was extracted from the medical records. We included psychopathologically stable women, with a singleton pregnancy, treated with lithium in late pregnancy, with at least one maternal and neonatal lithemia at delivery. Lithium was discontinued 12 h before a scheduled caesarean section or induction, or at admission day to hospital birth; and restarted 6-12 h post. Results: Sixty-six mother-infant pairs were included, and 226 maternal and 66 neonatal lithemias were obtained. We found slight maternal lithemia fluctuations close to 0.20 mEq/L, and early postpartum relapse of 6 %. The mean (SD) umbilical cord/mother intrapartum lithemia ratio was 1.10 (0.17). Fifty-six percent of neonates presented transient acute complications. Neonatal hypotonia was the most frequent outcome (N = 15). Mean lithemia were 0.178 mEq/L higher in those with hypotonia than in those without (p = 0.028). Limitations: It is a retrospective cohort of a moderate sample size of healthy uncomplicated pregnancies and results cannot be generalized to all pregnant treated with lithium. Conclusions: Lithium transfers completely across the placenta. A brief predelivery lithium discontinuation was associated with slight maternal lithemia fluctuations. Neonates exposed intrautero to lithium present frequent but transient acute effects. (PsycInfo Database Record (c) 2024 APA, all rights reserved)","Journal

Peer Reviewed Journal",English,2024
26,Associations of maternal sleep trajectories during pregnancy and adverse perinatal outcomes: A prospective cohort study. [References].,https://dx.doi.org/10.1016/j.sleep.2024.03.005,"Li, Zhi

Cui, Shanshan

Wang, Hui

Xiong, Wenjuan

Han, Yu

Dai, Wei

Xi, Wei

Cui, Tingkai

Zhang, Xin",Sleep Medicine,"Objective: Sleep problems are common in pregnant women and sleep is altered during pregnancy. However, the associations between sleep trajectory patterns and adverse maternal and neonatal outcomes are unclear. The current study aims to identify sleep trajectory patterns and explore their associations with adverse perinatal outcomes in a prospective cohort study. Methods: Pregnant women (N = 232) completed the Pittsburgh Sleep Quality Index each trimester during pregnancy in Tianjin, China. Perinatal outcomes were extracted from the hospital delivery records. Latent class growth analysis (LCGA) described the trajectories of sleep timing, duration, and efficiency. Multivariable linear regression and multivariable logistic regression were employed to evaluate associations between sleep trajectory patterns and perinatal outcomes. Results: Trajectories were identified for bedtime (early, 49.1%; delaying, 50.9%), wake-up time (early, 82.8% of the sample; late, 17.2%), duration (short, 5.2%; adequate 78.0%; excessive, 16.8%), and efficiency (high, 88.4%; decreasing, 11.6%). Compared with women in more optimal sleep groups, those in the late wake-up, excessive duration, and decreasing efficiency groups had babies with shorter birth lengths (beta range, -0.50 to -0.28, p < 0.05). Moreover, women in the decreasing efficiency group had babies with lower birth weight (beta, -0.44; p < 0.05). Women in the delaying bedtime group had greater odds of preterm delivery (OR, 4.57; p < 0.05), while those in the decreasing efficiency group had greater odds of cesarean section (OR, 3.12; p < 0.05). Conclusions: Less optimal sleep trajectory patterns during pregnancy are associated with perinatal outcomes. Therefore, early assessment of maternal sleep during pregnancy is significant for identifying at-risk women and initiating interventions to reduce perinatal outcomes. (PsycInfo Database Record (c) 2024 APA, all rights reserved)","Journal

Peer Reviewed Journal",English,2024
27,Standardized order sets do not eliminate racial or ethnic inequities in postpartum pain management. [References].,https://dx.doi.org/10.1089/heq.2022.0180,"Green, Celeste A

Johnson, Jasmine D

McKenzie, Christine

Stuebe, Alison M",Health Equity,"Objective: To quantify the extent to which a standardized pain management order set reduced racial and ethnic inequities in post-cesarean pain evaluation and management. Methods: We conducted a retrospective cohort study to quantify racial and ethnic differences in pain evaluation and management before (July 2014-June 2016) and after implementation of a standardized post-cesarean order set (March 2017-February 2018). Electronic medical records were queried for pain scores >7/10, number of pain assessments, and opioid, nonsteroidal anti-inflammatory drug (NSAID), and acetaminophen doses. Outcomes were grouped into 0 to <24 and 24-48 h postpartum, and stratified by race/ethnicity (Hispanic, non-Hispanic Black [NHB], non-Hispanic White [NHW], Asian, and other), as documented in the electronic health record. Analyses included logistic regression for the categorical outcome of pain score >7 (severe pain), and linear regression, with propensity score adjustment. Main effect and interaction terms were used to calculate the difference-in-difference in pain process and outcome measures between the baseline and follow-up periods. Results: After order set implementation (N = 888), severe pain remained more common among NHB patients (% pain scores >7 NHW vs. NHB 0 to <24 h: 22% vs. 33%, p = 0.003; 24-48 h: 26% vs. 40%, p < 0.001). Among all patients, pain management processes changed after implementation of the order set, with overall fewer assessments, less Opioids, and more nonopioid analgesics. However, racial and ethnic inequities in a number of assessments and in treatment were unchanged (all p for interaction >0.05), with the exception of a modest increase in NSAID doses 24-48 h postpartum for Hispanic patients. Conclusion: A standardized pain management order set reduced overall postpartum opioid use, but did not reduce racial and ethnic disparities in pain evaluation and management. Future work should investigate racial equity-focused education and interventions designed to eliminate disparities in pain management. (PsycInfo Database Record (c) 2024 APA, all rights reserved)","Journal

Peer Reviewed Journal",English,2023
28,Comparative safety of in utero exposure to buprenorphine combined with naloxone vs buprenorphine alone. [References].,https://dx.doi.org/10.1001/jama.2024.11501,"Straub, Loreen

Bateman, Brian T

Hernandez-Diaz, Sonia

Zhu, Yanmin

Suarez, Elizabeth A

Vine, Seanna M

Jones, Hendree E

Connery, Hilary S

Davis, Jonathan M

Gray, Kathryn J

Lester, Barry

Terplan, Mishka

Zakoul, Heidi

Mogun, Helen

Huybrechts, Krista F",JAMA: Journal of the American Medical Association,"Importance: Buprenorphine combined with naloxone is commonly used to treat opioid use disorders outside of pregnancy. In pregnancy, buprenorphine alone is generally recommended because of limited perinatal safety data on the combination product. Objective: To compare perinatal outcomes following prenatal exposure to buprenorphine with naloxone vs buprenorphine alone. Design, settings, and participants: Population-based cohort study using health care utilization data from Medicaid-insured beneficiaries in the US from 2000 to 2018. The cohort was restricted to pregnant individuals linked to their liveborn infants, with maternal Medicaid enrollment from 3 months before pregnancy to 1 month after delivery and infant enrollment for the first 3 months after birth, unless they died sooner. Exposure: Use of buprenorphine with naloxone vs buprenorphine alone during the first trimester based on outpatient dispensings. Main outcomes and measures: Outcomes included major congenital malformations, low birth weight, neonatal abstinence syndrome, neonatal intensive care unit admission, preterm birth, respiratory symptoms, small for gestational age, cesarean delivery, and maternal morbidity. Confounder-adjusted risk ratios were calculated using propensity score overlap weights. Results: This study identified 3369 pregnant individuals exposed to buprenorphine with naloxone during the first trimester (mean [SD] age, 28.8 [4.6] years) and 5326 exposed to buprenorphine alone or who switched from the combination to buprenorphine alone by the end of the first trimester (mean [SD] age, 28.3 [4.5] years). When comparing buprenorphine combined with naloxone with buprenorphine alone, a lower risk for neonatal abstinence syndrome (absolute risk, 37.4% vs 55.8%; weighted relative risk, 0.77 [95% CI, 0.70-0.84]) and a modestly lower risk for neonatal intensive care unit admission (absolute risk, 30.6% vs 34.9%; weighted relative risk, 0.91 [95% CI, 0.85-0.98]) and small for gestational age (absolute risk, 10.0% vs 12.4%; weighted relative risk, 0.86 [95% CI, 0.75-0.98]) was observed. For maternal morbidity, the comparative rates were 2.6% vs 2.9%, respectively, and the weighted relative risk was 0.90 (95% CI, 0.68-1.19). No differences were observed with respect to major congenital malformations overall, low birth weight, preterm birth, respiratory symptoms, or cesarean delivery. Results were consistent across sensitivity analyses. Conclusions and Relevance: There were similar and, in some instances, more favorable neonatal and maternal outcomes for pregnancies exposed to buprenorphine combined with naloxone compared with buprenorphine alone. For the outcomes assessed, compared with buprenorphine alone, buprenorphine with naloxone during pregnancy appears to be a safe treatment option. This supports the view that both formulations are reasonable options for the treatment of opioid use disorder in pregnancy, affirming flexibility in collaborative treatment decision-making. (PsycInfo Database Record (c) 2024 APA, all rights reserved)","Journal

Peer Reviewed Journal",English,2024
29,Quality of outpatient pediatric palliative care telehealth: A retrospective chart review. [References].,https://dx.doi.org/10.1016/j.jpainsymman.2024.03.014,"Williams, Elisa

White, Catrina

Banerjee, Ankona

Hellsten, Melody

Nobleza, Kenneth J

Nguyen, Duc T

Casas, Jessica

Jarrell, Jill Ann",Journal of Pain and Symptom Management,"[Correction Notice: An Erratum for this article was reported in Vol 68(3) of Journal of Pain and Symptom Management (see record 2025-14966-017). The publishers regret that a comma was inadvertently introduced to the abstract, which changes the meaning. The first sentence of the Conclusion section of the abstract should read: Despite differences in patients seen and palliative interventions provided in person compared to telehealth, health outcomes and quality indicators were similar across care delivery methods.] Context: Studies suggest the feasibility and acceptability of telehealth in outpatient pediatric palliative care. However, there is a need for data that describes the implementation and quality of telehealth, relying on objective and validated measures. Objective: We sought to compare the provision of pediatric palliative care by delivery method. Methods: We conducted a retrospective electronic health record review of patients seen by our outpatient palliative care team over a two-year period. Demographic, diagnostic, and health utilization data as well as encounter characteristics were compared between patients seen in person (IP), through telehealth (TH), and both (IP/TH). Results: Three hundred ninety-four patients were evaluated with 889 outpatient pediatric palliative care encounters. Non-English speaking patients were less likely to receive palliative care through TH, as were patients without active patient portals. Median follow-up time was longer for patients seen through TH or IP/TH. Patients with malignancies were seen more frequently IP while children with neurologic diagnoses, technology dependence, and a higher number of complex chronic conditions were seen more frequently via TH. Health outcomes, end of life quality metrics, and encounter-level quality indicators were similar across care delivery methods. Review of systems, pain, and mood management, and advance care planning happened more frequently IP while goals of care discussions and medical decision-making happened more through TH. Conclusion: Despite differences in patients seen and palliative interventions provided in person compared to telehealth, health outcomes, and quality indicators were similar across care delivery methods. These data support the continued practice of telehealth in palliative care and highlight the need for equity in its evolution. (PsycInfo Database Record (c) 2024 APA, all rights reserved)","Journal

Peer Reviewed Journal",English,2024
30,"Associations between delivery modes, birth outcomes and offspring anxiety disorders in a population-based birth cohort of children and adolescents. [References].",https://dx.doi.org/10.3389/fpsyt.2022.917299,"Stahlberg, Tiia

Upadhyaya, Subina

Polo-Kantola, Paivi

Khanal, Prakash

Luntamo, Terhi

Hinkka-Yli-Salomaki, Susanna

Sourander, Andre",Frontiers in Psychiatry,"Objective: Mode of delivery and well-being markers for newborn infants have been associated with later psychiatric problems in children and adolescents. However, only few studies have examined the association between birth outcomes and anxiety disorders and the results have been contradictory. Methods: This study was a Finnish population-based register study, which comprised 22,181 children and adolescents with anxiety disorders and 74,726 controls. Three national registers were used to collect the data on exposures, confounders and outcomes. Mode of delivery, the 1-min Apgar score, umbilical artery pH and neonatal monitoring were studied as exposure variables for anxiety disorders and for specific anxiety disorders. Conditional logistic regression was used to examine these associations. Results: Unplanned and planned cesarean sections increased the odds for anxiety disorders in children and adolescents (adjusted OR 1.08, 95% CI 1.02-1.15 and aOR 1.12, 95% CI 1.05-1.19, respectively). After an additional adjustment for maternal diagnoses, unplanned cesarean sections remained statistically significant (aOR 1.11, 95% CI 1.04-1.18). For specific anxiety disorders, planned cesarean sections and the need for neonatal monitoring increased the odds for specific phobia (aOR 1.21, 95% CI 1.01-1.44 and aOR 1.28, 95% CI 1.07-1.52, respectively). Conclusions: Birth by cesarean section increased the odds for later anxiety disorders in children and adolescents and unplanned cesarean sections showed an independent association. Further studies are needed to examine the mechanisms behind these associations. (PsycInfo Database Record (c) 2024 APA, all rights reserved)","Journal

Peer Reviewed Journal",English,2022
31,Impact of continuous labor companion-Who is the best: A systematic review and meta analysis of randomized controlled trials. [References].,https://dx.doi.org/10.1371/journal.pone.0298852,"Jayasundara, D. M. C. S

Jayawardane, I. A

Weliange, S. D. S

Jayasingha, T. D. K. M

Madugalle, T. M. S. S. B",PLoS ONE,"Background: Continuous labor support is widely acknowledged for potentially enhancing maternal and neonatal outcomes, the physiological labor process, and maternal satisfaction with the labor experience. However, the existing literature lacks a comprehensive analysis of the optimal characteristics of labor companions, particularly in comparing the effects of trained versus untrained and familiar versus unfamiliar labor companions across diverse geographical regions, both pre-and post-millennial. This meta-analysis addresses these research gaps by providing insights into the most influential aspects of continuous labor support. Methodology: A thorough search of PubMed, Google Scholar, Science Direct, International Clinical Trials Registry Platform (ICTRP), ClinicalTrials.gov, Research4Life, and Cochrane Library was conducted from 25/06/2023 to 04/07/2023. Study selection utilized the semi-automated tool Rayyan. The original version of the Cochrane Risk of Bias tool was used to assess the quality of Randomized Controlled Trials (RCTs) while funnel plots gauged the publication bias. Statistical analysis employed RevMan 5.4, using Mantel-Haenszel statistics and random effects models to calculate risk ratios with 95% confidence intervals. Subgroup analyses were performed for different characteristics, including familiarity, training, temporal associations, and geographical locations. The study was registered in INPLASY (Registration number: INPLASY202410003). Results: Thirty-five RCTs were identified from 5,346 studies. The meta-analysis highlighted significant positive effects of continuous labor support across various outcomes. The highest overall effect without subgroup divisions was the improvement reported in the 5-minute Apgar score < 7, with an effect size of 1.52 (95% Confidence Interval (CI) 1.05, 2.20). Familiar labor companions were better at reducing tocophobia, with an effect size of 1.73 (95% CI 1.49, 2.42), compared to unfamiliar companions, with an effect size of 1.34 (95% CI 1.14, 1.58). Untrained labor companions were the better choice in reducing tocophobia and the cesarean section rate compared to trained companions. For the analysis of tocophobia, the pooled effect sizes were 1.34 (95% CI 1.14, 1.57) and 1.84(95% CI 1.60, 2.12) in trained versus untrained subgroup comparisons. For the cesarean rate, they were represented as 1.22 (95% CI 1.05, 1.42) and 2.16 (95% CI 1.37, 3.40), respectively. The pooled effect size for the duration of labor was 0.16 (95% CI 0.06, 0.26) for the subgroup of RCTs conducted before 2000 and 0.53 (95% CI 0.30, 0.77) for the subgroup of RCTs conducted after 2000. A significant subgroup difference (< 0.1) was found in relation to the duration of labor, cesarean section rate, oxytocin for labor induction, analgesic usage, and tocophobia in the subgroup analysis of geographical regions. Discussion and conclusion: The beneficial effects of a labor companion are well-established in the literature. However, studies systematically assessing the characteristics of labor companions for optimal beneficial effects are lacking. The current study provides insights into the familiarity, training, temporal association, and geographical settings of labor companions, highlighting the differing impact of these characteristics on measured outcomes by evaluating the current randomized controlled trials on the topic. There is insufficient evidence to define the 'best labor companion' owing to the heterogeneity of labor companions and outcome assessment across different studies. We encourage well-designed further research to fill the research gap. (PsycInfo Database Record (c) 2024 APA, all rights reserved)","Journal

Peer Reviewed Journal",English,2024
32,A single intravenous administration of a sub-anesthetic ketamine dose during the perioperative period of cesarean section for preventing postpartum depression: A meta-analysis. [References].,https://dx.doi.org/10.1016/j.psychres.2022.114396,"Li, Qiuwen

Wang, Saiying

Mei, Xi",Psychiatry Research,"The feasibility of intravenous ketamine administration during the perioperative period of cesarean section to prevent postpartum depression (PPD) has not been determined by meta-analysis. To evaluate the efficacy, safety and dose of prophylactic ketamine in offsetting PPD, we retrieved the following databases in English or Chinese from inception to December 2020: Pubmed, Embase, Web of Science, The Cochrane Library, CNKI, VIP and Wanfang. A total of 10 studies (9 RCTs and 1 retrospective study) were included with 2087 cases. Meta-analysis showed that in ketamine group, the score and the prevalence of PPD within 1 week postpartum were significantly reduced, whereas PPD score after 4 weeks postpartum showed no superiority. There was no significant difference in terms of total adverse events rate, although vomiting occurred more frequently in the ketamine group. In addition, we found that ketamine efficacy emerged at 0.5 mg/kg. By meta-regression, we observed that: (1) Age and BMI are negatively associated with mood response to ketamine. (2) An analgesic pump containing ketamine for continuous 48 h postpartum administration was more efficacious than an intravenous injection of ketamine during cesarean section. Current evidence shows ketamine could be efficacious and safe in the prophylactic management of PPD in women having a cesarean section. (PsycInfo Database Record (c) 2024 APA, all rights reserved)","Journal

Peer Reviewed Journal",English,2022
33,A 10-week school-based mindfulness intervention and symptoms of depression and anxiety among school children and adolescents: A controlled study. [References].,https://dx.doi.org/10.1007/s12310-023-09620-y,"Areskoug Sandberg, E

Stenman, E

Palmer, K

Duberg, A

Sundquist, J

Sundquist, K",School Mental Health: A Multidisciplinary Research and Practice Journal,"Mental health problems are increasing among children and adolescents. School-based mindfulness interventions are gaining popularity worldwide and may be a way to decrease depression and anxiety symptoms in students. However, before introducing large-scale mindfulness interventions in school settings, more research is needed on feasible, easily applicable practices that are possible to fit in the school schedule. In this controlled intervention study, a total of 1399 students aged 9-16 were included. The 10-week classroom-based mindfulness intervention comprised daily, brief mindfulness sessions led by schoolteachers or via audio files. Symptoms of depression and anxiety were evaluated with Beck scales prior to and after the intervention. In addition to whole group analyses, subgroup analyses on age, sex as well as mode of delivery were performed. ClinicalTrials.gov ID: NCT03327714. No significant differences between the intervention and control group in change of depression or anxiety symptoms after the intervention were detected. However, the subgroup of students who received teacher-led mindfulness sessions (16%) had a significant decrease of depression and anxiety symptoms after 10 weeks compared to those who received the sessions via audio files. Brief mindfulness sessions on daily basis did not have any detectable overall effect on depression and anxiety symptoms among schoolchildren. Our findings do not support an introduction of large-scale mindfulness interventions in schools although the potential influence of mode of delivery needs to be further examined. Clinical trial registration The study was registered at ClinicalTrials.gov (identifier: NCT03327714). (PsycInfo Database Record (c) 2025 APA, all rights reserved)","Journal

Peer Reviewed Journal",English,2024
34,Emergency cesarean section is a risk factor for depressive symptoms when breastfeeding is limited. [References].,https://dx.doi.org/10.1016/j.jpsychores.2021.110691,"Takacs, Lea

Smolik, Filip

Lacinova, Lenka

Dansova, Petra

Feng, Tianshu

Mudrak, Jiri

Zabrodska, Katerina

Monk, Catherine",Journal of Psychosomatic Research,"Objective: Previous studies indicated associations between cesarean section (CS), breastfeeding, and depressive symptoms. There is, however, little research integrating these variables into one model to analyze their interrelations. The aim of this observational prospective longitudinal study is to examine whether the effect of CS on postpartum depressive symptoms is mediated by difficulties with breastfeeding. Methods: The participants were recruited in 5 maternity hospitals during their prenatal medical check-ups. Breastfeeding status was self-reported by the mothers six weeks postpartum. Screening for depressive symptoms was performed at six weeks (N = 404) and nine months (N = 234) postpartum using the Edinburgh Postnatal Depression Scale. Path analysis was used to model the relations between CS, breastfeeding, and depressive symptoms. Results: No direct effects of CS on depressive symptoms at six weeks or nine months postpartum were found. CS was associated with a lower probability of exclusive breastfeeding, which was, in turn, associated with higher levels of depressive symptoms six weeks postpartum. The analysis stratified by type of CS revealed that the effect on breastfeeding only occurred with emergency, not planned, CS. The effect of CS on breastfeeding was noticeably stronger in women without versus with a history of depression. Conclusion: Emergency CS predicts breastfeeding difficulties, which are, in turn, associated with higher levels of depressive symptoms. Support should be provided to mothers with emergency CS and breastfeeding problems to reduce the risk of postpartum depressive symptoms in the early postpartum period. (PsycInfo Database Record (c) 2025 APA, all rights reserved)","Journal

Peer Reviewed Journal",English,2022
35,"Spiritual health, anxiety and fear of childbirth in Iran: Is there any relationship? [References].",https://dx.doi.org/10.1007/s10943-024-02067-8,"Behmanesh, Fereshteh

Alijanpour, Masoumeh

Yahyavi, Fatemeh

Nikpour, Maryam

Haghighi, Tahereh

Karimnezhad Sorkhi, Fatemeh

Mohsenzadeh, Farideh

Hajian, Karimollah

Faramarzi, Mahbobeh",Journal of Religion and Health,"The most common reason for mothers' request for a cesarean section is fear of childbirth. The present study was conducted to determine the relationship between spiritual health and anxiety and fear of childbirth in pregnant women. This correlational cross-sectional study was performed on 426 pregnant women who were referred to Yahyanejad Hospital in Babol, Iran, during 2018-2021. These pregnant women were hospitalized in the maternity ward for vaginal delivery. Convenience sampling bases on inclusion criteria were done to select the subjects. The questionnaires used in this study included Demographic and Obstetric Questionnaire, Anxiety and Fear of Childbirth Questionnaire by Pirdel et al., and Palutzian & Ellison Spiritual Well-being Scale. Data were analyzed using SPSS version 16 using descriptive and analytical indicators and linear and multiple correlation tests. The results of the study showed that all pregnant women experienced moderate (23.1) or severe (76.9) fear and anxiety, and none of the women had low fear and anxiety. Moreover, all women in this study had moderate (50.5) or high (49.5) spiritual health. The results of linear regression test showed that there is a significant and inverse relationship between spiritual health and anxiety and fear of childbirth (R: - 0.12, CI - 0.14, - 0.019, P = 0.011). Furthermore, the results of multivariate linear regression test after adjustments for intervening demographic and midwifery variables showed a significant relationship between spiritual health (R: - 0.12, CI - 0.14, - 0.02, P = 0.009), education level and number of pregnancies, and anxiety and fear of childbirth. The results of the study showed that with the increase in spiritual health, anxiety and fear of childbirth decreases. Therefore, it can be inferred that women need spiritual care in addition to medical care to deal with fear and anxiety during pregnancy and childbirth. (PsycInfo Database Record (c) 2025 APA, all rights reserved)","Journal

Peer Reviewed Journal",English,2025
36,The effect of Pilates exercise during pregnancy on delivery outcomes: A systematic review and meta-analysis. [References].,https://dx.doi.org/10.1080/03630242.2024.2304893,"Baradwan, Saeed

Khadawardi, Khalid

Alayed, Nada M

Akkour, Khalid M

Mahmoud, Maram Salaheldeen

Abdelhakim, Ahmed Mohamed

Sunoqrot, Mohammad

Abdel Hamid, Ahmed Sherif",Women & Health,"A systematic review and meta-analysis were conducted to investigate the effectiveness of the Pilates exercise program during pregnancy on different delivery outcomes. Various databases were searched from inception until November 2022. The included studies compared Pilates exercise to routine antenatal care in pregnant women. The primary outcomes assessed were vaginal and cesarean delivery rates, as well as labor duration. Secondary outcomes included episiotomy incidence, Apgar scores, and epidural analgesia. Seven studies met the inclusion criteria, involving a total of 1,003 patients. Results indicated a significant increase in the vaginal delivery rate among the Pilates exercise group compared to the control group (p < .001). Moreover, the Pilates exercise group exhibited significantly reduced rates of cesarean delivery and shorter labor duration. Pilates exercise was associated with a significant decline in the incidence of episiotomy and the number of women requiring epidural analgesia during delivery (p < .001 & p = .008). In addition, Apgar scores at one and five minutes were significantly higher in the Pilates exercise group compared to the control group (p < .001). In conclusion, Pilates exercise during pregnancy has a positive effect on maternal outcomes and Apgar scores. However, more trials are needed to confirm these findings. (PsycInfo Database Record (c) 2025 APA, all rights reserved)","Journal

Peer Reviewed Journal",English,2024
37,"Two babies, two bonds: Frequency and correlates of differential maternal-infant bonding in mothers of twins. [References].",https://dx.doi.org/10.1002/imhj.22108,"Wenze, Susan J

Mikula, Cynthia M

Battle, Cynthia L",Infant Mental Health Journal,"We assessed prevalence and correlates of differential maternal-infant bonding (i.e., experiencing a stronger bond with one baby vs. the other) in mothers of twins, focusing on aspects of maternal mental health, well-being, and pregnancy/birth that have been previously linked with maternal-infant bonding. Participants (N = 108 American women, 88.89% White, 82.41% non-Hispanic, aged 18-45, who gave birth to twins in the past 6-24 weeks) were recruited from postpartum support websites. Participants completed a Qualtrics survey assessing pregnancy/birth history, symptoms of depression and anxiety, sleep, stress, romantic relationship satisfaction, and postpartum bonding. Twenty-six participants (24.07%) reported a bonding discrepancy. These participants endorsed higher symptoms of depression and anxiety, lower relationship satisfaction, lower average postpartum bonding, higher general and parenting stress, and longer pregnancy (all ps > .05). Greater degree of bonding discrepancy correlated with more depression, higher parenting stress, longer pregnancy, and lower relationship satisfaction (all ps > .05). Mothers of twins may benefit from postpartum mental health support, stress management strategies, and interventions to improve bonding. Future work should assess the role of breastfeeding difficulties, delivery method, birth-related trauma, infant regulatory capacity, and temperament. Longitudinal studies will help test cause and effect and potential long-term repercussions of maternal-infant bonding discrepancies. (PsycInfo Database Record (c) 2025 APA, all rights reserved)","Journal

Peer Reviewed Journal",English,2024
38,Clinical and demographic characteristics of patient-initiated encounters before the 6-week postpartum visit. [References].,https://dx.doi.org/10.1007/s10995-024-03933-3,"Falde, Danielle L

Dyre, Lillian J

Mehta, Ramila A

Branda, Megan E

Butler Tobah, Yvonne S

Theiler, Regan N

Rivera-Chiauzzi, Enid Y",Maternal and Child Health Journal,"Objective To identify characteristics associated with a higher likelihood of patient-initiated encounters with a health care professional before the scheduled 6-week postpartum visit. Methods We performed a retrospective cohort study of postpartum persons who received prenatal care and delivered at a single academic level IV maternity care center in 2019. We determined associations between maternal sociodemographic and obstetric characteristics and the likelihood of patient-initiated early postpartum encounters with chi2 tests for categorical variables and Wilcoxon rank sum tests for continuous and ordinal variables. Results A total of 796 patients were included in our analysis, and 324 (40.7%) initiated an early postpartum encounter. Significantly more postpartum persons who initiated early postpartum encounters were primiparous persons (54.3%) than multiparous (33.8%) persons (P < .001). Postpartum persons who desired breastfeeding or who had prolonged maternal hospitalization, episiotomy, or cesarean or operative vaginal delivery were also significantly more likely to initiate early postpartum encounters (all P<=.002). Of postpartum persons who initiated early encounters, 44 (13.6%) initiated in-person visits, 138 (42.6%) initiated telephone or patient portal communication, and 142 (43.8%) initiated encounters of both types. Specifically, 39.2% of postpartum persons initiated at least one early postpartum encounter for lactation support, and nearly half of early postpartum encounters occurred during the first week after hospital discharge. Conclusion Early postpartum encounters were more common among primiparas and postpartum persons who were breastfeeding or had prolonged hospitalization, episiotomy, cesarean delivery, or operative vaginal delivery. Future studies should focus on the development of evidence-based guidelines for recommending early postpartum visits. (PsycInfo Database Record (c) 2024 APA, all rights reserved)","Journal

Peer Reviewed Journal",English,2024
39,The effect of biological nurturing on breastfeeding success and self-efficacy in primiparous women: A randomized controlled study. [References].,https://dx.doi.org/10.1080/03004430.2024.2336057,"Oztas, Hatice Gul

Aksoy Derya, Yesim",Early Child Development and Care,"This study was conducted to determine the effect of biological nurturing on breastfeeding success and self-efficacy in primiparous women. This randomized controlled study was conducted with 130 mothers who had a caesarean section (65 experimental, 65 control). However, it was determined that experiment group had statistically higher LATCH score average than control group in all of the measurements at 8th, 24th and 48th hours after labour (p < 0.001). According to LATCH average scores, it was determined that eta-squared value was 0.77 (high impact level) for experiment group and 0.15 (high impact level) for control group. It was determined that BSES post-test total average score was 60.74 +/- 6.75 in experiment group and 45.23 +/- 10.59 in control group and this difference was statistically significant (t = 9.955; p = 0.000). It was determined that biological nurturing significantly increased breastfeeding success and self-efficacy in primiparous women. (PsycInfo Database Record (c) 2024 APA, all rights reserved)","Journal

Peer Reviewed Journal",English,2024
40,Prenatal psychological distress and 11beta-HSD2 gene expression in human placentas: Systematic review and meta-analysis. [References].,https://dx.doi.org/10.1016/j.psyneuen.2024.107060,"Tartour, Angham Ibrahim

Chivese, Tawanda

Eltayeb, Safa

Elamin, Fatima M

Fthenou, Eleni

Seed Ahmed, Mohammed

Babu, Giridhara Rathnaiah",Psychoneuroendocrinology,"Background: The placenta acts as a buffer to regulate the degree of fetal exposure to maternal cortisol through the 11-Beta Hydroxysteroid Dehydrogenase isoenzyme type 2 (11-beta HSD2) enzyme. We conducted a systematic review and meta-analysis to assess the effect of prenatal psychological distress (PPD) on placental 11-beta HSD2 gene expression and explore the related mechanistic pathways involved in fetal neurodevelopment. Methods: We searched PubMed, Embase, Scopus, APA PsycInfo R, and ProQuest Dissertations for observational studies assessing the association between PPD and 11-beta HSD2 expression in human placentas. Adjusted regression coefficients (beta) and corresponding 95% confidence intervals (CIs) were pooled based on three contextual PPD exposure groups: prenatal depression, anxiety symptoms, and perceived stress. Results: Of 3159 retrieved records, sixteen longitudinal studies involving 1869 participants across seven countries were included. Overall, exposure to PPD disorders showed weak negative associations with the placental 11-beta HSD2 gene expression as follows: prenatal depression (beta -0.01, 95% CI 0.05-0.02, I2=0%), anxiety symptoms (beta -0.02, 95% CI 0.06-0.01, I2=0%), and perceived stress (beta -0.01 95% CI 0.06-0.04, I2=62.8%). Third-trimester PPD exposure was more frequently associated with lower placental 11-beta HSD2 levels. PPD and placental 11-beta HSD2 were associated with changes in cortisol reactivity and the development of adverse health outcomes in mothers and children. Female-offspring were more vulnerable to PPD exposures. Conclusion: The study presents evidence of a modest role of prenatal psychological distress in regulating placental 11-beta HSD2 gene expression. Future prospective cohorts utilizing larger sample sizes or advanced statistical methods to enhance the detection of small effect sizes should be planned. Additionally, controlling for key predictors such as the mother's ethnicity, trimester of PPD exposure, mode of delivery, and infant sex is crucial for valid exploration of PPD effects on fetal programming. (PsycInfo Database Record (c) 2024 APA, all rights reserved)","Journal

Peer Reviewed Journal",English,2024
41,Virtual teaching together: Engaging parents and young children in STEM activities. [References].,https://dx.doi.org/10.3389/fpsyg.2023.1334195,"Zucker, Tricia A

Mesa, Michael P

Assel, Michael A

McCallum, Cheryl

DeMaster, Dana",Frontiers in Psychology,"Introduction: Early informal learning experiences are essential for sparking long-term interest in science, technology, engineering, and math (STEM). In a prior study, we found more promising parent involvement outcomes when families of young children were provided with STEM family education events along with home STEM activity kits compared to providing workshops alone. This study was a conceptual replication using the same program-Teaching Together STEM-to deliver educational workshops plus home activity kits; however, we varied the delivery method by using virtual ""funshops"" to evaluate if parents perceived this modality as feasible and useful. Methods: Museum informal science educators introduced four units via virtual video chat sessions linked to 12 hands-on STEM activities that were mailed to families randomly assigned to the treatment group. Half of the families were assigned to a waitlist control group that received a portion of the virtual program after the posttest. Participants included 60 families with children aged 3 to 5 years from diverse linguistic and socioeconomic backgrounds. Results: Our results indicate no significant group differences in the primary outcome of parents' involvement in informal STEM but a small, positive effect size (ES = 0.18) that was similar in magnitude to the prior, in-person study. Although parents mostly perceived the remote delivery as convenient and the materials as engaging for their child, there were no significant program impacts on children's general science interests (ES = -0.19). Discussion: Despite the convenience, parents reported time was a barrier to doing STEM activities at home. Parents with lower education levels were less likely to attend, suggesting virtual approaches are not sufficient for ensuring broad access to family engagement programs for populations underrepresented in STEM. (PsycInfo Database Record (c) 2024 APA, all rights reserved)","Journal

Peer Reviewed Journal",English,2024
42,Cesarean section and parenting stress: Results from the Japan Environment and Children's Study. [References].,https://dx.doi.org/10.1192/j.eurpsy.2023.5,"Matsumura, Kenta

Hatakeyama, Takehiro

Yoshida, Taketoshi

Tsuchida, Akiko

Inadera, Hidekuni",European Psychiatry,"Background: Accumulating evidence suggests a long-term health risk of cesarean section for the mother and child, but few studies have examined the link between cesarean section and parenting stress. Here, we examined this association by exploiting a large dataset. Methods: Participants were 65,235 mothers participating in the Japan Environment and Children's Study, an ongoing nationwide birth cohort. Outcome variables were parenting stress assessed as total score and subscale scores (representing the difficult child, parental distress, and spouse factors) on the Japanese 19-item version of the Parenting Stress Index Short Form (J-PSI-SF). Exposures were the mode of delivery, the timing of the J-PSI-SF assessment (1.5, 2.5, and 3.5 years postpartum), and the interaction between them. Multivariate regression analysis was used to calculate adjusted beta coefficients and standard error of the means (SEMs). Results: The J-PSI-SF total score was higher in the cesarean section group than in the vaginal delivery group (adjusted beta = 0.24, SEM = 0.09). This increase was primarily due to higher scores for the difficult child factor (adjusted beta = 0.18, SEM = 0.05) and not to higher scores for the parental distress or spouse factor. Conclusions: Cesarean section was associated with higher parenting stress, especially in relation to the difficult child factor. Our results highlight the importance of paying particular attention to the mental health of both mother and child in the case of cesarean section. (PsycInfo Database Record (c) 2024 APA, all rights reserved)","Journal

Peer Reviewed Journal",English,2023
43,Pain severity and pain interference in late pregnancy: An analysis of biopsychosocial factors among women scheduled for cesarean delivery. [References].,https://dx.doi.org/10.1093/pm/pnac171,"Wilson, Jenna M

He, Jingui

Flowers, K. Mikayla

Kovacheva, Vesela

Soens, Mieke

Schreiber, Kristin L",Pain Medicine,"Objective: Pain is a variably experienced symptom during pregnancy, and women scheduled for cesarean delivery, an increasingly common procedure, are a relatively understudied group who might be at higher pain risk. Although biopsychosocial factors are known to modulate many types of chronic pain, their contribution to late pregnancy pain has not been comprehensively studied. We aimed to identify biopsychosocial factors associated with greater pain severity and interference during the last week of pregnancy. Methods: In this prospective, observational study, 662 pregnant women scheduled for cesarean delivery provided demographic and clinical information and completed validated psychological and pain assessments. Multivariable hierarchical linear regressions assessed independent associations of demographic, clinical, and psychological characteristics with pain severity and pain interference during the last week of pregnancy. Results: Women in the study had a mean age of 34 years, and 73% identified as White, 11% as African American, 10% as Hispanic/Latina, and 6% as Asian. Most women (66%) were scheduled for repeat cesarean delivery. Significant independent predictors of worse pain outcomes included identifying as African American or Hispanic/Latina and having greater depression, sleep disturbance, and pain catastrophizing. Exploratory analyses showed that women scheduled for primary (versus repeat) cesarean delivery reported higher levels of anxiety and pain catastrophizing. Conclusions: Independent of demographic or clinical factors, psychological factors, including depression, sleep disturbance, and pain catastrophizing, conferred a greater risk of late pregnancy pain. These findings suggest that women at higher risk of pain during late pregnancy could benefit from earlier nonpharmacological interventions that concurrently focus on psychological and pain symptoms. (PsycInfo Database Record (c) 2024 APA, all rights reserved)","Journal

Peer Reviewed Journal",English,2023
44,Maternal outcomes using delayed pushing versus immediate pushing in the second stage of labour: An umbrella review. [References].,https://dx.doi.org/10.1016/j.ijnurstu.2024.104693,"Deusa-Lopez, Paula

Cuenca-Martinez, Ferran

Sanchez-Martinez, Vanessa

Sempere-Rubio, Nuria",International Journal of Nursing Studies,"Introduction: Different systematic reviews have been developed in the last decades about maternal risks of immediate pushing and delayed pushing, depending on the duration of the second stage of labour, but they do not provide conclusive evidence. Aim: The main aim of this overview of systematic reviews was to assess the maternal outcomes using delayed pushing and immediate pushing in the second stage of labour in women receiving epidural analgesia. Methods: We searched systematically in PubMed (Medline), EMBASE, CINAHL, and Scopus (October 26th, 2023). Methodological quality was analysed using AMSTAR and ROBIS scales, and the strength of evidence was established according to the guidelines advisory committee grading criteria. The outcome measures were the duration of the second stage of labour, duration of active pushing, caesarean section, instrumental vaginal birth, spontaneous vaginal birth, fatigue score, perineal lacerations, postpartum haemorrhage, and rate of episiotomy. Seven systematic reviews with and without meta-analysis were included. Results: Results showed that delayed pushing increases the total time of the second stage of labour, although delayed pushing decreases the duration of active pushing with moderate quality of evidence. Mixed results were found with respect to the variables instrumental vaginal birth, spontaneous vaginal birth, and fatigue score although the results favour delayed pushing or show no statistically significant differences with respect to immediate pushing. No favourable results were ever found for immediate pushing with respect to delayed pushing, with a limited quality of evidence. Even so, delayed pushing seems to be associated with a significant increase in spontaneous vaginal birth rates. The results found no significant differences between the immediate pushing and delayed pushing groups in the caesarean section rates, perineal lacerations, postpartum haemorrhage, and episiotomy ratio, with a limited quality of evidence. Conclusions: This study shows that delayed pushing during the second stage of labour produces at least the same maternal outcomes as immediate pushing, although we note that delayed pushing produces an increase of the duration of the second stage of labour, a shorter duration of the active pushing and a tendency to increase spontaneous vaginal birth and to reduce the instrumental vaginal birth rates and fatigue scores. This should be considered clinically. This review was registered in the International Prospective Register of Systematic Reviews PROSPERO (CRD42023397616). (PsycInfo Database Record (c) 2024 APA, all rights reserved)","Journal

Peer Reviewed Journal",English,2024
45,"Pregnancy, fetal, and neonatal outcomes among women with traumatic brain injury. [References].",https://dx.doi.org/10.1097/HTR.0000000000000807,"Adams, Rachel Sayko

Akobirshoev, Ilhom

Brenner, Lisa A

Katon, Jodie G

Mitra, Monika",The Journal of Head Trauma Rehabilitation,"Objective: There have been no systematic studies of pregnancy outcomes among women with traumatic brain injury (TBI), potentially limiting informed clinical care for women with such injuries. The purpose of this exploratory study was to evaluate pregnancy and fetal/neonatal outcomes among women with a TBI diagnosis recorded during their delivery hospitalization compared with women without TBI. Setting: In this cross-sectional study, we identified women with delivery hospitalizations using 2004-2014 data from the Nationwide Inpatient Sample of the Health Care and Cost Utilization Project. Participants: We identified deliveries to women with a TBI diagnosis on hospital discharge records, which included all diagnoses recorded during the delivery, and compared them with deliveries of women without a TBI diagnosis. Main Measures: Pregnancy outcomes included gestational diabetes; preeclampsia/eclampsia; placental abruption; cesarean delivery; and others. Fetal/neonatal outcomes included preterm birth; stillbirth; and small or large gestational age. Design: We modeled risk for each outcome among deliveries to women with TBI compared with women without TBI, using multivariate Poisson regression. Models included sociodemographic and hospital characteristics; secondary models added clinical characteristics (eg, psychiatric disorders) that may be influenced by TBI. Results: We identified 3 597 deliveries to women with a TBI diagnosis and 9 106 312 deliveries to women without TBI. Women with TBI were at an increased risk for placental abruption (relative risk [RR] = 2.73; 95% CI, 2.26-3.30) and associated sequelae (ie, antepartum hemorrhage, cesarean delivery). Women with TBI were at an increased risk for stillbirth (RR = 2.55; 95% CI, 1.97-3.29) and having a baby large for gestational age (RR = 1.30; 95% CI, 1.09-1.56). Findings persisted after controlling for clinical characteristics. Conclusions: Risk for adverse pregnancy outcomes, including placental abruption and stillbirth, were increased among women with TBI. Future research is needed to examine the association between TBI and pregnancy outcomes using longitudinal and prospective data and to investigate potential mechanisms that may heighten risk for adverse outcomes. (PsycInfo Database Record (c) 2024 APA, all rights reserved)","Journal

Peer Reviewed Journal",English,2023
46,The impact of telehealth applications on pregnancy outcomes and costs in high-risk pregnancy: A systematic review and meta-analysis. [References].,https://dx.doi.org/10.1177/1357633X221087867,"Gunes Ozturk, Gizem

Akyildiz, Deniz

Karacam, Zekiye",Journal of Telemedicine and Telecare,"Introduction: Telehealth is an applicable, acceptable, cost-effective, easily accessible, and speedy method for pregnant women. This study aimed to examine the impact of telehealth applications on pregnancy outcomes and costs in highrisk pregnancies. Methods: Studies were selected from PubMed, Science Direct, Web of Science, EBSCO, Scopus, and Clinical Key databases according to the inclusion and exclusion criteria from January to February 2021. Cochrane risk-of-bias tools were used in the quality assessment of the studies. Results: Four observational and eight randomized controlled studies were included in this meta-analysis (telehealth: 135,875, control: 94,275). It was seen that the number of ultrasound (p < 0.01) and face-to-face visits (p < 0.01), fasting insulin (p < 0.01), hemoglobin A1C before delivery (p < 0.01), and emergency cesarean section rates (p = 0.05) were lower in the telehealth group. In the telehealth group, the women's use of antenatal corticosteroids (p = 0.03) and hypoglycemic medication at delivery (p = 0.03), the total of nursing interventions (p < 0.01), compliance with actual blood glucose measurements (p < 0.01), induction intervention at delivery (p = 0.003), and maternal mortality (p < 0.001) rates were higher. Two groups were similar in terms of the use of medical therapy, total gestational weight gain, health problems related to pregnancy, mode and complications of delivery, maternal intensive care unit admission, fetal-neonatal growth and development, neonatal health problems and mortality, follow-up, and care costs. Discussion: Telehealth and routine care yielded similar maternal/neonatal health and cost outcomes. It can be said that telehealth is a safe technique to work with in the management of high-risk pregnancies. (PsycInfo Database Record (c) 2024 APA, all rights reserved)","Journal

Peer Reviewed Journal",English,2024
47,Mother-infant contact after birth can reduce postpartum post-traumatic stress symptoms through a reduction in birth-related fear and guilt. [References].,https://dx.doi.org/10.1016/j.jpsychores.2022.110716,"Kahalon, Rotem

Preis, Heidi

Benyamini, Yael",Journal of Psychosomatic Research,"Objectives: Despite the well-documented negative effects of posttraumatic stress symptoms following childbirth (PTSS-FC), research on protective factors for PTSS-FC is still missing. Aiming to fill this gap, we proposed and examined a process model through which maternal-infant skin-to-skin contact after birth reduces PTSS-FC by decreasing negative emotions, especially for women who had operative births. Method: In this longitudinal study, pregnant women (N = 1833) were recruited at community and hospital medical centres in the center of Israel and through internet forums. At Time 1, during pregnancy, they rated their prenatal depressive symptoms which served as an indicator for prenatal vulnerabilities. At Time 2, two-months postpartum (N = 1371, 75% of the sample), they reported their mode of birth, whether they had skin-to-skin contact with their newborn after birth, their emotions during birth, and rated their current PTSS-FC. A moderated mediation analysis was used to examine the proposed model. Results: Guilt and fear during birth mediated the association between mode of birth (instrumental or cesarean versus vaginal) and PTSS-FC. Skin-to-skin contact was related to reduced feelings of guilt and fear during birth, especially for women who had a cesarean section. Conclusions: Our results recognize the specific emotions that contribute to the development of PTSS-FC following operative births and show how skin-to-skin contact can possibly reduce them. As such they emphasize the importance of the implementation of skin-to-skin contact following childbirth, and especially following a cesarean section as recommended by the Baby Friendly Health Initiative (World Health Organization & UNICEF, 2009). (PsycInfo Database Record (c) 2024 APA, all rights reserved)","Journal

Peer Reviewed Journal",English,2022
48,Pregnancy- and birth-related risk factors for the development of childhood celiac disease. [References].,https://dx.doi.org/10.1111/apa.16686,"Tanpowpong, Pornthep

Li, Sijia

Espinola, Janice A

Santos, Ludmilla Candido

James, Kaitlyn E

Powe, Camille E

Camargo, Carlos A Jr.",Acta Paediatrica,"Aim: To evaluate whether pregnancy and birth-related factors are associated with celiac disease (CD) in a large, United States (US)-based mother-child cohort. Methods: We analysed data gathering from the Massachusetts General Hospital Maternal Child Cohort (MMCC) of children born between 1998 and 2016. Data included the mode of delivery, maternal pregnancy and their offspring characteristics. We searched for CD cases by using diagnosis billing codes. Cox proportional hazard regression models were created to identify variables associated with CD. Results: We identified 44 539 mother-child pairs who had at least one encounter by 5 years old and identified 173 children (0.4%) with CD diagnosis; median age at the diagnosis was 6 years. Overall, the adjusted hazard ratio (aHR) of caesarean delivery for CD was 1.39 (95% CI: 0.99, 1.96, p = 0.06) when compared to children born vaginally. After stratifying for the presence of labour, children born by Caesarean delivery without labour had a higher risk of CD (aHR 1.56; 95%CI: 1.01, 2.41; p = 0.046) while infants born by Caesarean delivery with labour did not (aHR 1.26; 95% CI: 0.83, 1.93; p = 0.28). Conclusion: Being born by Caesarean delivery without labour may be associated with an increased risk for CD in the US children. (PsycInfo Database Record (c) 2024 APA, all rights reserved)","Journal

Peer Reviewed Journal",English,2023
49,The use of first and second-generation antipsychotic drugs and the potential to develop gestational diabetes mellitus among perinatal patients with psychosis. [References].,https://dx.doi.org/10.1016/j.schres.2023.01.030,"Kulkarni, Jayashri

Gurvich, Caroline

Gilbert, Heather

Worsley, Roisin

Li, Qi

Karimi, Leila",Schizophrenia Research,"There is limited knowledge about the effects of antipsychotic exposure on the development of gestational diabetes mellitus (GDM) in women with mental illness. Studies have demonstrated an association between antipsychotic medications and metabolic problems such as weight gain and diabetes mellitus in non-pregnant patients with psychiatric disorders. GDM increases the risk of adverse maternal outcomes, including pregnancy-induced hypertension, antepartum and postpartum haemorrhage, and caesarean delivery. The National Register of Antipsychotic Medication in Pregnancy (NRAMP) is a prospective Australian cohort study that observed women who took antipsychotics during pregnancy. Data from 205 women were extracted for the final analysis and included women who took first or second-generation antipsychotics (FGA,SGA) during the first trimester of pregnancy (at minimum) and had a diagnosis of a psychotic disorder (n = 180). The comparison (non-exposed) group (n = 25) were women with psychosis who chose not to take any antipsychotic during the first trimester (at minimum). The comparison groups were not matched, although groups were homogenous in terms of sex, age range, diagnosis and perinatal status. The results of logistic regression analysis revealed that women who were exposed to FGAs, SGAs were seven and five times, respectively, more likely to develop GDM compared to non-exposed groups. When adjusted for confounding variables such as BMI and family history of diabetes, the potential of developing GDM decreased for women taking SGAs. In conclusion, the risk of developing GDM is lower in women taking SGAs compared with women taking FDAs. In addition, family history of diabetes and BMI adds to the risk. (PsycInfo Database Record (c) 2024 APA, all rights reserved)","Journal

Peer Reviewed Journal",English,2023
50,Pregnancy outcomes in women with active anorexia nervosa: A systematic review. [References].,https://dx.doi.org/10.1186/s40337-022-00551-8,"Pan, Jeremy Ryan

Li, Tina Yutong

Tucker, Danny

Chen, Kai Yang",Journal of Eating Disorders,"Background: It is a common misconception that women with active anorexia nervosa (AN) are less likely to conceive. Pregnancies in women with AN are considered high risk. The purpose of this systematic review was to explore pregnancy complications in women with active AN, including maternal, fetal, and neonatal complications. Methods: The authors conducted a systematic review in accordance with PRISMA statement guidelines with stringent selection criteria to include studies on patients with active AN during pregnancy. Results: There were 21 studies included in our review. Anaemia, caesarean section, concurrent recreational substance use, intrauterine growth restriction, preterm birth, small-for-gestation (SGA) birth, and low birth weight were the most reported pregnancy complications in women with active AN, while the rates of gestational diabetes and postpartum haemorrhage were lower. Discussion: Women with active AN have a different profile of pregnancy complications comparing to malnourished women and women in starvation. We recommend early discussion with women diagnosed with AN regarding their fertility and pregnancy complications. We recommend clinicians to aim to improve physical and psychological symptoms of AN as well as correction of any nutritional deficiency ideally prior to conception. Management of pregnancies in women with active AN requires regular monitoring, active involvement of obstetricians and psychiatrist. Paediatric follow-up postpartum is recommended to ensure adequate feeding, wellbeing and general health of the infants. Psychiatric follow-up is recommended for mothers due to risk of worsening symptoms of AN during perinatal period. (PsycInfo Database Record (c) 2024 APA, all rights reserved)
Impact Statement
It is a common myth that women with active anorexia nervosa are less likely to become pregnant. Generally, pregnancies in women with active anorexia nervosa are considered high risk. This review looked at pregnancy complications in women with active anorexia nervosa that affect the mothers as well as unborn and newborn babies. There are number of complications reported, most commonly, anaemia, increased chance of birth by C-section, increased risk of substance use in mothers, poor growth of unborn babies, and smaller babies at birth. Mothers with anorexia nervosa are less likely to suffer from pregnancy related diabetes and postpartum haemorrhage. Interestingly, women with active anorexia nervosa tend to have different pregnancy complications comparing to women without adequate nutrition and women in starvation. It is important to mention that although women with anorexia nervosa carry higher risk of complications during pregnancy, the risk can be reduced with the help of obstetricians and psychiatrists. After birth, paediatrician visits can help identify any issue with the baby. Symptoms of anorexia nervosa could potentially get worse after delivering a baby. It is important to continue regular visits to a psychiatrist. (PsycInfo Database Record (c) 2024 APA, all rights reserved)","Journal

Peer Reviewed Journal",English,2022
51,Telehealth versus face-to-face psychotherapy for less common mental health conditions: Systematic review and meta-analysis of randomized controlled trials. [References].,https://dx.doi.org/10.2196/31780,"Greenwood, Hannah

Krzyzaniak, Natalia

Peiris, Ruwani

Clark, Justin

Scott, Anna Mae

Cardona, Magnolia

Griffith, Rebecca

Glasziou, Paul",JMIR Mental Health,"Background: Mental disorders are a leading cause of distress and disability worldwide. To meet patient demand, there is a need for increased access to high-quality, evidence-based mental health care. Telehealth has become well established in the treatment of illnesses, including mental health conditions. Objective: This study aims to conduct a robust evidence synthesis to assess whether there is evidence of differences between telehealth and face-to-face care for the management of less common mental and physical health conditions requiring psychotherapy. Methods: In this systematic review, we included randomized controlled trials comparing telehealth (telephone, video, or both) versus the face-to-face delivery of psychotherapy for less common mental health conditions and physical health conditions requiring psychotherapy. The psychotherapy delivered had to be comparable between the telehealth and face-to-face groups, and it had to be delivered by general practitioners, primary care nurses, or allied health staff (such as psychologists and counselors). Patient (symptom severity, overall improvement in psychological symptoms, and function), process (working alliance and client satisfaction), and financial (cost) outcomes were included. Results: A total of 12 randomized controlled trials were included, with 931 patients in aggregate; therapies included cognitive behavioral and family therapies delivered in populations encompassing addiction disorders, eating disorders, childhood mental health problems, and chronic conditions. Telehealth was delivered by video in 7 trials, by telephone in 3 trials, and by both in 1 trial, and the delivery mode was unclear in 1 trial. The risk of bias for the 12 trials was low or unclear for most domains, except for the lack of the blinding of participants, owing to the nature of the comparison. There were no significant differences in symptom severity between telehealth and face-to-face therapy immediately after treatment (standardized mean difference [SMD] 0.05, 95% CI -0.17 to 0.27) or at any other follow-up time point. Similarly, there were no significant differences immediately after treatment between telehealth and face-to-face care delivery on any of the other outcomes meta-analyzed, including overall improvement (SMD 0.00, 95% CI -0.40 to 0.39), function (SMD 0.13, 95% CI -0.16 to 0.42), working alliance client (SMD 0.11, 95% CI -0.34 to 0.57), working alliance therapist (SMD -0.16, 95% CI -0.91 to 0.59), and client satisfaction (SMD 0.12, 95% CI -0.30 to 0.53), or at any other time point (3, 6, and 12 months). Conclusions: With regard to effectively treating less common mental health conditions and physical conditions requiring psychological support, there is insufficient evidence of a difference between psychotherapy delivered via telehealth and the same therapy delivered face-to-face. However, there was no includable evidence in this review for some serious mental health conditions, such as schizophrenia and bipolar disorders, and further high-quality research is needed to determine whether telehealth is a viable, equivalent treatment option for these conditions. (PsycInfo Database Record (c) 2024 APA, all rights reserved)","Journal

Peer Reviewed Journal",English,2022
52,Transformation from blended to online learning: A four-year longitudinal cross-sectional interprofessional study. [References].,https://dx.doi.org/10.3390/educsci13020116,"Almendingen, Kari

Skotheim, Torhild

Magnus, Ellen Merethe",Education Sciences,"Professional students need to train in online interprofessional collaboration (IPC). During a longitudinal evaluation for 2018-2022 of an interprofessional learning (IPL) curriculum, nearly 7000 students from health, social care, and teacher education programs completed indicator questions concerning learning about child-related topics and skills required for IPC during their first, second, and third curriculum years of study. The students worked in student-led IPL groups according to a case-based learning approach. Online IPL yielded lower mean scores than in-person IPL. The decreased learning outcomes from year 2 to year 3 for the IPL initiative are not due to the online delivery mode. The lack of reported progress in the IPL courses is more likely due to students not experiencing a gain in IPL learning outcomes. Significant differences were found between teacher education and child welfare students and health and social care students, reflecting IPC challenges in working life. We conclude that online IPL is forward-looking because candidates must be prepared for online IPC and for helping users, such as children, online. Although our data support that IPL is complex, the learning experience has tremendous transfer value to welfare services because we assume that the same issues will appear in IPC. (PsycInfo Database Record (c) 2024 APA, all rights reserved)","Journal

Peer Reviewed Journal",English,2023
53,Maternal care and pregnancy outcomes of Venezuelan and Colombian refugees. [References].,https://dx.doi.org/10.1007/s10903-022-01370-4,"Weigel, M. Margaret

Armijos, Rodrigo X",Journal of Immigrant and Minority Health,"Background: Ecuador is a major host country for Colombians fleeing violence and Venezuelans escaping a complex humanitarian crisis, many of whom are pregnant women. Methods: We used national birth registry data (2018-2020) to compare the maternal care and infant outcomes of Venezuelan and Colombian immigrants with Ecuadorian nationals. Results: Venezuelan immigrants had a lower adjusted odds (AOR) for adequate prenatal care (AOR = 0.64;95%CI = 0.62,0.67) but a higher AOR for institutional (AOR = 2.68;95%CI = 1.84,3.93) and C-section delivery (AOR = 1.28;95%CI = 1.23,1.32) and birthing infants who were moderate-late preterm (AOR = 1.12;95%CI = 1.05,1.20), very preterm (AOR = 1.20;95%CI = 1.04,1.40), extremely pre-term (AOR = 1.65;95%CI = 1.27,2.14), low birthweight (LBW) (AOR = 1.11;95%CI = 1.05,1.17), very LBW (AOR = 1.35;95%CI = 1.12,1.62), and extremely LBW (AOR = 1.71;95%CI = 1.36,2.16). Colombians had decreased AORs for adequate prenatal care (AOR = 0.82;95%CI = 0.78,0.87) but increased AORs for institutional (AOR = 2.03;95%CI = 1.19,3.46) and C-section deliveries (AOR = 1.07;95%CI = 1.01,1.13) and birthing infants with moderate-late preterm (AOR = 1.17;95%CI = 1.05,1.30) but not LBW. Discussion: The findings underscore the need to address the causes of adequate prenatal care, excess C-sections, and poorer infant outcomes among refugee and immigrant women, especially Venezuelans. (PsycInfo Database Record (c) 2024 APA, all rights reserved)","Journal

Peer Reviewed Journal",English,2023
54,Differences in psychological symptoms in pregnancy and postpartum before and during COVID-19: A cross-sectional study. [References].,https://dx.doi.org/10.5093/clysa2023a20,"Riquelme-Gallego, Blanca

Martinez-Vazquez, Sergio

Amezcua-Prieto, Carmen

Martinez-Galiano, Juan Miguel

Romero-Gonzalez, Borja

Peralta-Ramirez, Maria I

Leno-Duran, Ester

Caparros-Gonzalez, Rafael A",Clinica y Salud,"Rationale: Pregnant women are especially vulnerable to mental health problems, including stress, anxiety, and depression. This risk has been increased during the COVID-19 pandemic and differences in psychological symptoms in pregnancy and postpartum before and during COVID-19 exists. Mental health problems can have adverse effects on both the woman, and the neonate, including miscarriages, premature births, low birth weight, and higher rates of cesarean sections and instrument-assisted deliveries. Aim: To evaluate the prevalence of psychological symptoms of pregnant women before and during the COVID-19 pandemic. Method: A cross-sectional study was carried out to assess the psychological profile in a sample of pregnant women selected before the pandemic and a sample of women studied during the first wave of the pandemic. A total of 122 women were selected prior to the pandemic and 181 women during the COVID-19 outbreak. The Symptom Checklist-90 Revised (SCL-90-R) was used to assess depression and anxiety during pregnancy and in the postpartum period. Results: The prevalence of symptoms of depression and anxiety during pregnancy were higher in the sample of women studied during the pandemic (SCL-90-R: M = 54.6 vs. 42.6 and M = 62.6 vs. 51.7 respectively). In the postpartum the difference between both samples of women was even higher for depression and anxiety (SCL-90-R: M = 50.4 vs. 35.0 and M = 51.3 vs. 36.0 respectively). Being a pregnant woman at the COVID-19 outbreak was directly associated with a higher score of depression symptoms (aOR = 8.67, 95% CI [3.26, 23.02], p < .001). Anxiety during childbirth was more frequently reported by women before the pandemic (aOR = 5.13, 95% CI [2.53, 10.44], p < .001). The variable stage (before/during pandemic) was also associated with having a clinical SCL-90-R score above 70 (aOR = 7.61, 95% CI [2.7, 21.47], p < .001). Conclusion: During the pandemic, pregnancy and postpartum were associated with the presence of anxiety and depression. The main factor associated with postpartum depression was maternal age. These finding highlights the vulnerability of pregnant in front of the pandemic, in which psychological health and mental well-being are affected, not only during pregnancy, but also in the postpartum. (PsycInfo Database Record (c) 2024 APA, all rights reserved)
Abstract (Spanish)
Justificacion: Las mujeres embarazadas son especialmente vulnerables a los problemas de salud mental, como el estres, la ansiedad y la depresion. Este riesgo se ha incrementado durante la pandemia de COVID-19, habiendo diferencias en los sintomas psicologicos en el embarazo y el puerperio antes y despues de la pandemia. Los problemas de salud mental pueden tener efectos perjudiciales tanto en la mujer como en el recien nacido, como abortos espontaneos, partos prematuros, bajo peso al nacer y tasas mas altas de cesareas y partos asistidos. Objetivo: Evaluar la prevalencia de sintomas psicologicos de gestantes antes y durante la pandemia de COVID-19. Metodo: Se realizo un estudio transversal para evaluar el perfil psicologico en una muestra de mujeres embarazadas seleccionadas antes de la pandemia y una muestra de mujeres estudiadas durante la primera ola de la pandemia. Se selecciono un total de 122 mujeres antes de la pandemia y 181 mujeres durante el brote de COVID-19. Se utilizo la Inventario de Verificacion de Sintomas-90 Revisada (SCL-90-R) para evaluar la depresion y la ansiedad durante el embarazo y el puerperio. Resultados: La prevalencia de sintomas de depresion y ansiedad durante el embarazo fue mayor en la muestra de mujeres estudiadas durante la pandemia (SCL-90-R: M = 54.6 vs. 42.6 y M = 62.6 vs. 51.7 respectivamente). En el postparto la diferencia entre ambas muestras de mujeres fue aun mayor para depresion y ansiedad (SCL-90-R: M = 50.4 vs. 35.0 y M = 51.3 vs. 36.0 respectivamente). Ser mujer embarazada en el brote de COVID-19 se asocio directamente con una mayor puntuacion de sintomas de depresion (aOR = 8.67, IC 95% [3.26, 23.02, p < .001). Las mujeres manifestaron ansiedad durante el parto con mayor frecuencia antes de la pandemia (aOR = 5.13, IC 95% 2.53, 10.44], p < .001). La variable estadio (antes/durante la pandemia) tambien se asocio con tener una puntuacion clinica SCL- 90-R superior a 70 (aOR = 7.61, IC 95% [2.7, 21.47], p < .001). Conclusion: Durante la pandemia, el embarazo y el postparto se asociaron con la presencia de ansiedad y depresion. El principal factor asociado a la depresion posparto fue la edad materna. Estos hallazgos resaltan la vulnerabilidad de las mujeres embarazadas ante la pandemia, en la que la salud psicologica y el bienestar mental se ven afectados, no solo durante el embarazo, sino tambien en el posparto. (PsycInfo Database Record (c) 2024 APA, all rights reserved)","Journal

Peer Reviewed Journal",English,2023
55,"Perfectionism, intolerance of uncertainty, and fear of childbirth in pregnant and non-pregnant women. [References].",https://dx.doi.org/10.5093/clysa2023a17,"Kuljanac, Andela

Brekalo, Maja

Nakic Rados, Sandra",Clinica y Salud,"Background: Fear of childbirth (FOC) has adverse effect on delivery, maternal and infant health. This study aimed to examine the prevalence of FOC and to examine the role of perfectionism, intolerance of uncertainty, and preparedness for childbirth in explaining FOC in non-pregnant and pregnant women, as well as the role of mode of delivery in multiparous women. Method: In the cross-sectional study, 197 non-pregnant, 168 nulliparous and 124 multiparous pregnant women filled out questionnaires on FOC (W-DEQ), perfectionism (PNPS), intolerance of uncertainty (IUS), and a question on preparedness for childbirth. Results: More important determinants of FOC were personality traits (perfectionism and intolerance of uncertainty) in non-pregnant and nulliparous pregnant women, as opposed to previous childbirth experience (emergency caesarean section) in multiparous women. However, preparedness for childbirth was associated with FOC in all three sub-groups. Conclusion: Preparedness for childbirth should be the target in prenatal classes in order to alleviate FOC. (PsycInfo Database Record (c) 2024 APA, all rights reserved)
Abstract (Spanish)
Antecedentes: El miedo al parto (MP) influye de un modo adverso en el mismo y en la salud materna e infantil. El estudio tiene por objeto analizar la prevalencia del MP y el papel del perfeccionismo, la intolerancia a la incertidumbre y la preparacion para el parto para explicar el MP en mujeres embarazadas y no embarazadas asi como el papel que juega el modo de alumbramiento en mujeres multiparas. Metodo: En el estudio transversal 197 mujeres no encintas, 168 embarazadas nuliparas y 124 multiparas cumplimentaron cuestionarios sobre MP (W-DEQ), perfeccionismo (PNPS), intolerancia a la incertidumbre (IUS) y una pregunta sobre preparacion para el parto. Resultados: Los determinantes mas importantes del MP fueron los rasgos de personalidad (perfeccionismo e intolerancia a la incertidumbre) en mujeres no encintas y en embarazadas nuliparas en oposicion a la experiencia previa de parto (cesarea de emergencia) en mujeres multiparas. No obstante, la preparacion para el parto se asociaba al MP en los tres subgrupos. Conclusion: La preparacion para el parto deberia abordarse en las clases prenatales para aliviar el MP. (PsycInfo Database Record (c) 2024 APA, all rights reserved)","Journal

Peer Reviewed Journal",English,2023
56,Do improvements in clinical practice guidelines alter pregnancy outcomes in asthmatic women? A single-center retrospective cohort study. [References].,https://dx.doi.org/10.1080/02770903.2023.2200824,"Robinson, J. L

Gatford, K. L

Hurst, C. P

Clifton, V. L

Morrison, J. L

Stark, M. J",Journal of Asthma,"Objective: Asthma occurs in ~17% of Australian pregnancies and is associated with adverse perinatal outcomes, which worsen with poor asthma control. Consequently, the South Australian 'Asthma in Pregnancy' perinatal guidelines were revised in 2012 to address management according to severity. This study investigated if these revised guidelines reduced the impact of maternal asthma on risks of adverse perinatal outcomes before (Epoch 1, 2006-2011) and after the revision (Epoch 2, 2013-2018). Methods: Routinely collected perinatal and neonatal datasets from the Women's and Children's Hospital (Adelaide, Australia) were linked. Maternal asthma (prevalence:7.5%) was defined as asthma medication use or symptoms described to midwives. In imputation (n = 59131) and complete case datasets (n = 49594), analyses were conducted by inverse proportional weighting and multivariate logistic regression, accounting for confounders. Results: Overall, maternal asthma was associated with increased risks of any antenatal corticosteroid treatment for threatened preterm birth (aOR 1.319, 95% CI 1.078-1.614), any Cesarean section (aOR 1.196, 95% CI 1.059-1.351), Cesarean section without labor (aOR 1.241, 95% CI 1.067-1.444), intrauterine growth restriction (IUGR, aOR 1.285, 95% CI 1.026-1.61), and small for gestational age (aOR 1.324, 95% CI 1.136-1.542). After guideline revision, asthma-associated risks of any Cesarean section (p < 0.001), any antenatal corticosteroids (p = 0.041), and small for gestational age (p = 0.050), but not IUGR and Cesarean section without labor, were reduced. Conclusions: Clinical practice guidelines based on the latest evidence do not guarantee clinical efficacy. Since adverse perinatal outcomes did not all improve, this work highlights the need to evaluate the ongoing impact of guidelines on clinical outcomes. (PsycInfo Database Record (c) 2024 APA, all rights reserved)","Journal

Peer Reviewed Journal",English,2023
57,Economic evaluation of elective cesarean section on maternal request compared with planned vaginal birth-Application to Swedish setting using national registry data. [References].,https://dx.doi.org/10.1016/j.jval.2022.10.003,"Berg, Jenny

Kallen, Karin

Andolf, Ellika

Hellstrom-Westas, Lena

Ekeus, Cecilia

Alvan, Jonatan

Vitols, Sigurd",Value in Health,"Objectives: There is a lack of consensus around the definition of delivery by cesarean section (CS) on maternal request, and clinical practice varies across and within countries. Previous economic evaluations have focused on specific populations and selected complications. Our aim was to evaluate the cost-effectiveness of CS on maternal request compared with planned vaginal birth in a Swedish context, based on a systematic review of benefits and drawbacks and national registry data on costs. Methods: We used the results from a systematic literature review of somatic risks for long- and short-term complications for mother and child, in which certainty was rated low, moderate, or high using the Grading of Recommendations Assessment, Development and Evaluation. Swedish national registry data were used for healthcare costs of delivery and complications. Utilities for long-term complications were based on a focused literature review. We constructed a decision tree and conducted separate analyses for primi- and multiparous women. Costs and effects were discounted by 3% and the time horizon was varied between 1 and 20 years. Results: Planned vaginal birth leads to lower healthcare costs and somatic health gains compared with elective CS without medical indication over up to 20 years. Although there is uncertainty around, for example, quality-of-life effects, results remain stable across sensitivity analyses. Conclusions: CS on maternal request leads to increased hospitalization costs in a Swedish setting, taking into account short- and long-term consequences for both mother and child. Future research needs to study the psychological consequences related to different delivery methods, costs in outpatient care, and productivity losses. (PsycInfo Database Record (c) 2024 APA, all rights reserved)","Journal

Peer Reviewed Journal",English,2023
58,"Patterns and predictors of changes in knowledge, attitudes, beliefs, behaviors, and intentions of underserved youth who completed pregnancy prevention programs. [References].",https://dx.doi.org/10.1080/15546128.2023.2174234,"Nguyen-Louie, Tam T

Dieckmann, Nathan F

Zhang, Hanzhe

Mastrich, Zachary H

Alaybek, Balca

Richmond, Alicia",American Journal of Sexuality Education,"This study characterized the patterns and predictors of pre-post changes in knowledge, attitudes, beliefs, behaviors, and intentions (KABBIs) among 641 youth who completed evidence-based teen pregnancy prevention programs. At follow-up, 64.0% of youth showed changes knowledge, communication, and attitudes; 22.5% showed changes in knowledge, attitudes, beliefs, communication, and increased sexual intentions; and 13.6% showed changes in attitudes and decreased sexual intentions. The strongest predictors of changes were youth baseline KABBI scores, mode of delivery, and number and type of adaptations made to the curricula. Results underscore the importance of examining the role of youth and program characteristics in predicting KABBI change patterns. (PsycInfo Database Record (c) 2024 APA, all rights reserved)","Journal

Peer Reviewed Journal",English,2024
59,The effect of cognitive-behavioral therapy and haptonomy on fear of childbirth in primigravida women: A randomized clinical trial. [References].,https://dx.doi.org/10.1186/s12888-023-05414-3,"Alivand, Zahra

Nourizadeh, Roghaiyeh

Hakimi, Sevil

Esmaeilpour, Khalil

Mehrabi, Esmat",BMC Psychiatry,"Background: Considering the role of fear of childbirth (FOC) in the enhancement of unnecessary cesarean sections (CS), the present study aimed at evaluating the effect of Cognitive-Behavioral Therapy (CBT) and haptonomy on the FOC (as primary outcome) and intended birth method and final birth method (as secondary outcomes) among primigravida women. Methods: This randomized clinical trial was conducted on 99 primigravida women in Tabriz, Iran 2022. Participants were assigned to three groups with a ratio of 1:1:1 using stratified block randomization based on the fear intensity. One of the intervention groups (n = 33) received eight group sessions of CBT from 24 to 28 weeks of gestation and the other intervention group (n = 33) received haptonomy during seven sessions once a week. The control group (n = 33) received routine prenatal care. The Wijma questionnaire was completed by the participants before the intervention, after the intervention at 35-37 weeks of gestation, and after birth. The intended birth method was investigated before and after the intervention at 35-37 weeks of gestation. The final birth method and the reasons for CS were recorded based on the mother's medical profile. The one-way ANOVA was used before the intervention and RMANOVA after the intervention to compare the mean scores of FOC among the three groups. Further, chi-square test was applied to compare the intended and final birth method. Results: The mean (standard deviation: SD) of FOC in the CBT group changed from 74.09 (11.35) at 24-28 weeks of gestation to 46.50 (18.28) at 35-37 weeks and 48.78 (20.64) after birth (P < 0.001). The means (SDs) of FOC in the haptonomy group were 76.81 (13.09), 46.59 (15.81), and 45.09 (20.11), respectively (P < 0.001). The mean (SD) of FOC in the control group decreased from 70.31 (6.71) to 66.56 (18.92) and then, increased to 71.00 (21.14) after birth (P = 0.878). After the intervention, there was no statistically significant difference among the three groups in terms of the intended birth method (P = 0.278), and final birth method (P = 0.107). Conclusion: The findings of the present study revealed that both CBT and haptonomy interventions reduce FOC. Although the desire for vaginal birth and final vaginal birth in the haptonomy group was more than that in the other two groups, there was no statistically significant difference among the three groups. (PsycInfo Database Record (c) 2024 APA, all rights reserved)","Journal

Peer Reviewed Journal",English,2023
60,"Impact of social-, health-, and disability-related factors on pregnancy outcomes in women with intellectual and developmental disabilities: A population-based latent class analysis. [References].",https://dx.doi.org/10.1016/j.dhjo.2022.101426,"Kassee, Caroline

Lunsky, Yona

Patrikar, Aditi

Brown, Hilary K",Disability and Health Journal,"Background: Studies have shown women with intellectual and developmental disabilities (IDD) have elevated risks of perinatal complications, but few studies have examined how social, health, and disability-related factors affect these risks. Objectives: To identify and describe subgroups of pregnant women with IDD according to social, health, and disability-related factors and examine the risks of perinatal complications in these subgroups compared to women without IDD. Methods: We performed a population-based cohort study in Ontario, Canada, of women with (n = 1922) and without (n = 1,126,854) IDD, with a singleton birth in 2003-2018. We used latent class analysis (LCA) to identify subgroups of women according to social (e.g., age), health (e.g., chronic medical conditions), and disability-related (e.g., IDD type) characteristics. Modified Poisson regression was then used to compare the risks of hypertensive disorders of pregnancy, cesarean delivery, and preterm birth across identified subgroups to women without IDD. Results: The LCA identified 4 classes of women with IDD: (1) young women who were mostly healthy and had little primary care before pregnancy (n = 253); (2) older women who were mostly healthy (n = 795); (3) young to mid-aged women who had significant comorbidities (n = 181); and (4) young women, many of whom were autistic, who had some medical comorbidities and significant psychiatric comorbidities (n = 693). Class 3 consistently had the greatest risks of perinatal complications, across all IDD groups, compared to women without IDD. Conclusions: These findings underscore the importance of multidisciplinary care approaches tailored to the needs of at-risk women with IDD, in the preconception and perinatal periods. (PsycInfo Database Record (c) 2025 APA, all rights reserved)","Journal

Peer Reviewed Journal",English,2023
61,Sensory profile in infant/toddler: Birth to 36 months. [References].,https://dx.doi.org/10.32598/irj.20.3.1667.1,"Nesayan, Abbas

Asadi Gandomani, Roghayeh",Iranian Rehabilitation Journal,"Objectives: Sensory processing patterns refer to a person's ability to receive and respond to sensory events which are important to succeed in daily routine activities. This study aims to determine the sensory processing patterns in infants/toddlers. Methods: This is a cross-sectional study. A total of 518 infants/toddlers participated in this study. Their ages ranged from birth to 36 months. Parents completed the infant/toddler sensory profile for all participants. Results: No significant difference was observed between girls and boys in sensory processing from birth to 6 months; however, there is a significant difference between girls and boys in low registration, sensory sensitivity, and sensory avoidance from 7-36 months. In addition, no significant difference was detected between children born by cesarean and those born through natural childbirth in terms of sensory processing (quadrants and scores) from birth to 6 months and 7-36 months. There is a significant difference between preterm and full-term children (birth to 6 months) in auditory processing. The findings also indicate only a significant difference in oral sensory processing between the preterm and full-term children (7-36 months). Discussion: We discussed sensory processing patterns in children and their differences based on different factors. The results of this study can provide considerations for Iranian occupational therapists and psychologists. (PsycInfo Database Record (c) 2025 APA, all rights reserved)","Journal

Peer Reviewed Journal",English,2022
62,Lower plasma concentrations of short-chain fatty acids (SCFAs) in patients with ADHD. [References].,https://dx.doi.org/10.1016/j.jpsychires.2022.09.042,"Yang, Liu L

Stiernborg, Miranda

Skott, Elin

Gillberg, Therese

Landberg, Rikard

Giacobini, MaiBritt

Lavebratt, Catharina",Journal of Psychiatric Research,"Short-chain fatty acids (SCFAs), produced during bacterial fermentation, have been shown to be mediators in the microbiota-gut-brain axis. This axis has been proposed to influence psychiatric symptoms seen in attention deficit hyperactivity disorder (ADHD). However, there is no report of plasma SCFA concentrations in ADHD. The aim of this study was to explore the plasma concentrations of SCFAs in children and adults with ADHD and the possible factors that could influence those levels. We collected data on age group, sex, serum vitamin D levels, delivery mode, body mass index, diet, medication and blood samples from 233 ADHD patients and 36 family-related healthy controls. The concentrations of SCFAs and the intermediary metabolite succinic acid, were measured using liquid chromatography-mass spectrometry. Adults with ADHD had lower plasma concentrations of formic, acetic, propionic and succinic acid than their healthy family members. When adjusting for SCFA-influential factors among those with ADHD, children had lower concentrations of formic, propionic and isovaleric acid than adults, and those who had more antibiotic medications during the last 2 years had lower concentrations of formic, propionic and succinic acid. When adjusting for antibiotic medication, we found that among children, those currently on stimulant medication had lower acetic and propionic acid levels, and adults with ADHD had lower formic and propionic acid concentrations than adult healthy family members. In all, our findings show lower-than-normal plasma concentrations of SCFAs in ADHD explained in-part by antibiotic medication, age and stimulant medication. Whether or not this is of clinical significance is yet to be explored. (PsycInfo Database Record (c) 2025 APA, all rights reserved)","Journal

Peer Reviewed Journal",English,2022
63,Lasting consequences on physiology and social behavior following cesarean delivery in prairie voles. [References].,https://dx.doi.org/10.1016/j.yhbeh.2023.105314,"Kenkel, William M

Kingsbury, Marcy A

Reinhart, John M

Cetinbas, Murat

Sadreyev, Ruslan I

Carter, C. Sue

Perkeybile, Allison M",Hormones and Behavior,"Cesarean delivery is associated with diminished plasma levels of several 'birth-signaling' hormones, such as oxytocin and vasopressin. These same hormones have been previously shown to exert organizational effects when acting in early life. For example, our previous work found a broadly gregarious phenotype in prairie voles exposed to oxytocin at birth. Meanwhile, cesarean delivery has been previously associated with changes in social behavior and metabolic processes related to oxytocin and vasopressin. In the present study, we investigated the long-term neurodevelopmental consequences of cesarean delivery in prairie voles. After cross-fostering, vole pups delivered either via cesarean or vaginal delivery were studied throughout development. Cesarean-delivered pups responded to isolation differently in terms of their vocalizations (albeit in opposite directions in the two experiments), huddled in less cohesive groups under warmed conditions, and shed less heat. As young adults, we observed no differences in anxiety-like or alloparental behavior. However, in adulthood, cesarean-delivered voles of both sexes failed to form partner preferences with opposite sex conspecifics. In a follow-up study, we replicated this deficit in partner-preference formation among cesarean-delivered voles and were able to normalize pair-bonding behavior by treating cesarean-delivered vole pups with oxytocin (0.25 mg/kg) at delivery. Finally, we detected minor differences in regional oxytocin receptor expression within the brains of cesarean-delivered voles, as well as microbial composition of the gut. Gene expression changes in the gut epithelium indicated that cesarean-delivered male voles have altered gut development. These results speak to the possibility of unintended developmental consequences of cesarean delivery, which currently accounts for 32.9 % of deliveries in the U.S. and suggest that further research should be directed at whether hormone replacement at delivery influences behavioral outcomes in later life. (PsycInfo Database Record (c) 2025 APA, all rights reserved)","Journal

Peer Reviewed Journal",English,2023
64,Environmental factors associated with autism spectrum disorder in Southern Europe: A systematic review. [References].,https://dx.doi.org/10.1080/20473869.2023.2215012,"Kazantzidou, Panagiota

Antonopoulou, Katerina

Costarelli, Vasiliki

Papanikolaou, George",International Journal of Developmental Disabilities,"The aetiology of autism spectrum disorder (ASD) is heterogeneous and is attributed to the concurrent interaction of a number of genetic and environmental factors. The steady increase in ASD rates in recent years makes the detection and study of environmental risk factors increasingly important. This systematic review identifies potential environmental factors associated with ASD focusing specifically on recent studies conducted in selected Southern European countries. Nine relevant studies were selected for this systematic review. Results indicate that ASD in Southern Europe is associated with a variety of prenatal, perinatal and postnatal environmental factors, including stressful early life events, maternal infection during pregnancy, delivery mode and perinatal complications or breastfeeding problems in the offspring. Specially designed, large population-based birth cohort studies are needed in Southern Europe, to allow precise assessment of potential environmental confounders and elucidate their association with ASD. (PsycInfo Database Record (c) 2025 APA, all rights reserved)","Journal

Peer Reviewed Journal",English,2025
65,Early child development and its determinants: Findings from a large cohort of healthy children growing up in a low-risk environment. [References].,https://dx.doi.org/10.1111/cch.13177,"Kappelt, Jonas

Meigen, Christof

Schild, Clara Elise

Kiess, Wieland

Poulain, Tanja","Child: Care, Health and Development","Background: Despite numerous studies on early child development, there is still much to be discovered about the significance of possible risk factors. This study examines cognitive, motor, and language development of healthy children growing up in a low-risk environment and how various individual and environmental factors are associated with it. The study also considers whether the importance of particular parameters changes depending on child age. Methods: Within the framework of the LIFE Child study in Leipzig, Germany, 481 children participated in a total of 832 visits between 1 and 36 months of age. Developmental status was assessed using the Third Edition of the Bayley Scales of Infant and Toddler Development. Linear regression analyses were applied to examine the associations between child development and sex, gestational age, birth weight, birth mode, overweight, height, and parental education. Results: Mean Bayley composite scores for cognitive, language, and motor development were close to the standard value of 100. Poorer developmental outcomes were significantly associated with lower gestational age, vacuum cup/forceps birth, being overweight, small height, and lower parental education, although some of the associations became insignificant after applying multivariate models. While the association between gestational age and language development became weaker with advancing age, our interaction models found disparities related to parental education to become more apparent in older children across all three domains of early child development. Conclusions: Several factors were identified to be associated with early child development. As children grow older, obstetric parameters, for example, gestational age, might become less relevant compared with sociodemographic factors, for example, parental education. (PsycInfo Database Record (c) 2024 APA, all rights reserved)","Journal

Peer Reviewed Journal",English,2024
66,"The effect of forced-air warming in the cesarean section on maternal hypothermia, shivering, and thermal comfort: A randomized controlled trial. [References].",https://dx.doi.org/10.1080/07399332.2023.2245366,"Akdag Topal, Cansu

Yucel Ozcirpan, Cigdem

Ozyuncu, Ozgur",Health Care for Women International,"This trial was carried out to investigate the effect of forced air warming in various body areas of women on hypothermia during cesarean delivery. The patients in the study groups (n = 76) were assigned to the full-body warming group, upper-extremity warming group, lower-extremity warming group, and control groups. The intervention groups received forced-air warming 30 min before the surgery and continued until 30 min after surgery. The incidence of hypothermia was significantly higher in the control group than in the other groups at the 60th minute of the operation (p < 0.01). The intervention and control groups showed significant differences in the frequency of shivering at the entrance to the PACU (p = 0.001). Thermal comfort scores have significant difference between the control group and all of the intervention groups (p<.001). It is said that the full-body forced-air warming technique prevents hypothermia, shivering, and thermal discomfort in women Cesarean Section (CS). (PsycInfo Database Record (c) 2024 APA, all rights reserved)","Journal

Peer Reviewed Journal",English,2024
67,"""We hear and we fear"" - Insights of 1203 women on personnel conversations during cesarean delivery. [References].",https://dx.doi.org/10.1007/s10995-023-03852-9,"Sagi-Dain, Lena",Maternal and Child Health Journal,"Objective To assess the preferences of women undergoing cesarean delivery regarding intraoperative conversations among healthcare personnel. Methods This cross-sectional study was conducted by distribution of an open anonymous questionnaire on social media platforms during March 2022, targeting respondents with a history of cesarean delivery. The primary outcome was patients' experience of ""being disturbed by professional and casual conversations of the personnel"", rated on a 1-5 Likert scale. Results 1203 participants completed the questionnaire, with 97.6% reporting intraoperative conversations among personnel. Casual conversations were perceived as ""disturbing"" by more respondents vs. professional talk (33.4% vs. 27.6%, respectively, p = 0.0077). Logistic regression analysis revealed associations between feeling disturbed and higher intraoperative stress and pain - adjusted Odds Ratio (OR) 3.1, 95% confidence interval (CI) 2.1-4.5, and OR 2.7, 95%CI 1.8-4.0, respectively, for professional conversations; OR 3.0, 95%CI 2.0-4.4, and OR 1.7, 95%CI 1.1-2.7, respectively, for casual conversations. Feeling disturbed by professional conversations was also associated with urgent vs. elective operations (OR 2.0, 95%CI 1.4-3.0). Direct personnel-patient communication was associated with significantly lower stress levels (60.8% vs. 72.5% in the remaining cohort, p < 0.001). Discussion Intraoperative conversations of the personnel occur during vast majority of cesarean deliveries. Given that a substantial proportion of patients find these conversations disturbing, it is advisable to conduct a preliminary assessment of maternal preferences. This proactive step can help tailor communication strategies to individual patient comfort and preferences, ultimately enhancing the birthing experience and maternal well-being. (PsycInfo Database Record (c) 2024 APA, all rights reserved)","Journal

Peer Reviewed Journal",English,2024
68,In-hospital formula supplementation in appalachian women intending to exclusively breastfeed. [References].,https://dx.doi.org/10.1007/s10995-023-03830-1,"Alqudah, Elham

Davis, Amy

Berzingi, Seher

Webster, Katherine

Thompson, Stephanie

Evans, Cortney

Cross, Kimberly",Maternal and Child Health Journal,"Objective In-hospital formula supplementation places infants at risk for early breastfeeding cessation. The study's aim was to identify predictive and protective factors for in-hospital formula supplementation in individuals documented as wanting to exclusively breastfeed and residing in a geographic region with adverse social determinants of health and low breastfeeding rates. Additionally, we wished to determine if lactation consultation served as a protective factor against supplementation. Methods In this cross-sectional study, we retrospectively reviewed 500 randomly selected charts of newborns born in a 12 month period at a regional tertiary care hospital. We included healthy, full-term neonates having a recorded maternal decision to exclusively breastfeed. Maternal-newborn dyad characteristics were compared between those exclusively breastfeeding and those with in-hospital formula supplementation. Results Of the 500 charts, 70% of individuals desired to exclusively breastfeed. Overall, 41% of breastfed newborns were supplemented with formula before discharge, and 32% of women met with lactation consultants prior to supplementation. No statistically significant association was present between exclusive breastfeeding at discharge and meeting with a hospital lactation consultant (p = 0.55). When controlling for the confounders of maternal demographics and lactation consultation, significant associations with formula supplementation included Cesarean delivery (odd ratio: 2.08, 95% confidence interval: 1.04-4.16), primiparity (2.48, 1.27-4.87), and high school level of education (2.78, 1.33-5.78). Conclusions Maternal characteristics of high school level educational, primiparity, and Caesarean delivery place individuals at risk for in-hospital formula supplementation in individuals wishing to exclusively breastfeed. Addressing barriers to exclusive breastfeeding is essential to enhance maternal and newborn health equity. (PsycInfo Database Record (c) 2024 APA, all rights reserved)","Journal

Peer Reviewed Journal",English,2024
69,Pregnancy intention in relation to maternal and neonatal outcomes in women with versus without psychiatric diagnoses. [References].,https://dx.doi.org/10.1111/acps.13625,"Schonewille, Noralie N

Jonkman, Nini H

van Kempen, Anne A. M. W

van Pampus, Maria G

van den Heuvel, Odile A

Broekman, Birit F. P",Acta Psychiatrica Scandinavica,"Background: Studies have identified adverse maternal and neonatal outcomes for women with psychiatric disorders. Additionally, psychiatric disorders may pose an increased risk for unintended pregnancies (UPs) which in turn may also impact negatively on outcomes. The present study aims to compare the incidence of UPs in women with versus without current/past psychiatric diagnoses and investigates whether psychiatric history modifies the relation between delivery outcomes in women with and without UPs. Methods: A retrospective cohort was compiled of women who gave birth in a large hospital in Amsterdam, the Netherlands. Women >=18 years old with singleton pregnancies and birth registrations in the electronic patient file during January 1, 2015 to March 1, 2020 were included. Patient characteristics (including pregnancy intention and psychiatric history), maternal (gestational diabetes, mode of delivery) and neonatal outcomes (e.g., gestational age [GA], birthweight and Apgar scores) were registered by health care providers in hospital charts. Incidence of UPs was compared between women with versus without current/past psychiatric diagnoses. Maternal and neonatal outcomes were compared between women with versus without UPs with linear or logistic regression models adjusted for relevant confounders with an interaction term for UP with current/past psychiatric diagnoses. Results: We included 1219 women with and 1093 women without current/ past psychiatric diagnoses. Current/past psychiatric diagnoses were significantly associated with UPs after adjustment for confounders (39.0% vs. 29.6%, OR 1.56, CI 1.23-2.00, p < 0.001). In sub-analyses, women with depressive (OR 1.67, CI 1.24-2.26, p = 0.001), personality (OR 2.64, CI 1.38-5.11, p = 0.004) and substance-related and addictive disorders (OR 4.29, CI 1.90- 10.03, p = 0.001) had higher odds of UPs compared to women without current/past psychiatric diagnoses. Amongst women with UPs, current/past psychiatric diagnoses did not modify maternal or neonatal outcomes, except for GA at delivery as women with both UPs and current/past psychiatric diagnosis had a 2.21-day higher mean GA at delivery than women in the reference group (p-value interaction = 0.001). Conclusions: Current/past psychiatric diagnoses are associated with a higher odd of UPs. In our sample, maternal and neonatal outcomes were comparable for women with and without UPs and these results were similar for women with and without current/past psychiatric diagnoses, except for GA at delivery. Although our study is limited by several factors, we found that women with current/past psychiatric diagnoses, irrespective of pregnancy planning status, do not have more adverse maternal or pregnancy outcomes. Increased efforts are needed to ensure that psychoeducation and conversations about pregnancy planning and UPs are available for women with current/past psychiatric diagnoses. (PsycInfo Database Record (c) 2024 APA, all rights reserved)","Journal

Peer Reviewed Journal",English,2024
70,Single-session visuospatial task procedure to prevent childbirth-related posttraumatic stress disorder: A multicentre double-blind randomised controlled trial. [References].,https://dx.doi.org/10.1038/s41380-023-02275-w,"Deforges, Camille

Sandoz, Vania

Noel, Yvonnick

Avignon, Valerie

Desseauve, David

Bourdin, Julie

Vial, Yvan

Ayers, Susan

Holmes, Emily A

Epiney, Manuella

Horsch, Antje",Molecular Psychiatry,"Preventive evidence-based interventions for childbirth-related posttraumatic stress disorder (CB-PTSD) are lacking. Yet, 18.5% of women develop CB-PTSD symptoms following an unplanned caesarean section (UCS). This two-arm, multicentre, double-blind superiority trial tested the efficacy of an early single-session intervention including a visuospatial task on the prevention of maternal CB-PTSD symptoms. The intervention was delivered by trained maternity clinicians. Shortly after UCS, women were included if they gave birth to a live baby, provided consent, and perceived their childbirth as traumatic. Participants were randomly assigned to the intervention or attention-placebo group (allocation ratio 1:1). Assessments were done at birth, six weeks, and six months postpartum. Group differences in maternal CB-PTSD symptoms at six weeks (primary outcomes) and six months postpartum (secondary outcomes) were assessed with the self-report PTSD Checklist for DSM-5 (PCL-5) and by blinded research assessors with the Clinician-administered PTSD scale for DSM-5 (CAPS-5). Analysis was by intention-to-treat. The trial was prospectively registered (ClinicalTrials.gov, NCT03576586). Of the 2068 women assessed for eligibility, 166 were eligible and 146 were randomly assigned to the intervention (n = 74) or attention-placebo control group (n = 72). For the PCL-5, at six weeks, a marginally significant intervention effect was found on the total PCL-5 PTSD symptom count (beta = -0.43, S.E. = 0.23, z = -1.88, p < 0.06), and on the intrusions (beta = -0.73, S.E. = 0.38, z = -1.94, p < 0.0525) and arousal (beta = -0.55, S.E. = 0.29, z = -1.92, p < 0.0552) clusters. At six months, a significant intervention effect on the total PCL-5 PTSD symptom count (beta = -0.65, S.E. = 0.32, z = -2.04, p = 0.041, 95%CI[-1.27, -0.03]), on alterations in cognition and mood (beta = -0.85, S.E. = 0.27, z = -3.15, p = 0.0016) and arousal (beta = -0.56, S.E. = 0.26, z = -2.19, p < 0.0289, 95%CI[-1.07, -0.06]) clusters appeared. No group differences on the CAPS-5 emerged. Results provide evidence that this brief, single-session intervention carried out by trained clinicians can prevent the development of CB-PTSD symptoms up to six months postpartum. (PsycInfo Database Record (c) 2024 APA, all rights reserved)","Journal

Peer Reviewed Journal",English,2023
71,Comparison of perinatal outcomes between Syrian refugees and Turkish women in the middle Anatolia region of Turkey. [References].,https://dx.doi.org/10.1007/s10995-023-03748-8,"Inal, Hasan Ali

Inal, Zeynep Ozturk",Maternal and Child Health Journal,"Objective To compare the results of perinatal outcomes between Syrian refugees and Turkish women between 2016 and 2020. Methods: The birth results of 17,997 participants (Syrian refugees: 3579 and Turkish women: 14,418) who delivered in the Labor Department of our hospital between January 2016 and December 2020 were retrospectively analyzed. Results Maternal age was younger (24.73 +/- 6.08 vs. 27.4 +/- 5.91 years, p < 0.001) and adolescent pregnancy rate was higher (19.4% vs. 5.6%, p < 0.001) in Syrian refuges than in Turkish women. Bishop scores on admission (4.6 +/- 1.6 vs. 4.4 +/- 1.1, p < 0.001), birth weight (3088.19 +/- 575.32 g vs. 3109.76 +/- 540.89 g, p = 0.044), low birth weight (11.3% vs. 9.7%, p = 0.004), and the rate of primary cesarean deliveries (10.1% vs. 15.8%, p < 0.001) were also statistically different. Additionally, the rates of anemia (65.9% vs. 29.2%, p < 0.001), preeclampsia (1.4% vs. 2.7%, p < 0.001), stillbirth (1.3% vs. 0.6%, p < 0.001), preterm premature rupture of membranes (2.7% vs. 1.9%, p = 0.002), and obstetric complications were different between the groups. Conclusions This study showed that inadequate antenatal care, communication and language barrier problems in Syrian refugees caused some adverse perinatal outcomes. All birth data of Syrian refugees must be disclosed by the Ministry of Health to confirm the accuracy of our data. (PsycInfo Database Record (c) 2023 APA, all rights reserved)","Journal

Peer Reviewed Journal",English,2023
72,Pre-/perinatal reduced optimality and neurodevelopment at 1 month and 3 years of age: Results from the Japan Environment and Children's Study (JECS). [References].,https://dx.doi.org/10.1371/journal.pone.0280249,"Yasumitsu-Lovell, Kahoko

Thompson, Lucy

Fernell, Elisabeth

Eitoku, Masamitsu

Suganuma, Narufurmi

Gillberg, Christopher",PLoS ONE,"Neurodevelopmental disorders (NDDs) in children are associated with a complex combination of genetic and/or environmental factors. Pre-/perinatal events are major known environmental suboptimal factors, and their individual and combined contributions vary. This study investigated the association between pre-/perinatal reduced optimality and child development observed by parents at 1 month, as well as NDDs at 3 years of age (i.e., motor delay, intellectual disability, developmental language disorder, and autism spectrum disorder), in the context of the Japan Environment and Children's Study. The study also assessed whether child development at 1 month predicted NDDs at 3 years of age. Associations between 25 pre-/perinatal factors and (a) developmental concerns at 1 month of age and (b) NDDs at 3 years were analyzed (n = 71,682). Binomial regression models were used to investigate risk ratios of the developmental outcome at each time point for total pre-/perinatal reduced optimality scale scores, as well as for individual pre-/perinatal factors of the reduced optimality scale. Finally, we assessed the ability of parental observations of offspring development at 1 month to predict NDDs at 3 years. Total reduced optimality scores were positively associated with 1-month developmental concerns and 3-year NDDs, with higher scores (i.e., a reduction in optimality) associated with an increased risk of both NDDs and earlier parental concerns. Neonatal transportation, epidural analgesia, advanced maternal age, cesarean section delivery, Apgar score <=8, and hyperbilirubinemia were identified as individual risk factors for 3-year NDDs, overlapping with 14 risk factors for 1-month developmental concerns except Apgar score <=8. Among six developmental items assessed at 1 month of age, concerns about gross motor function and difficulty holding/trouble calming down had the strongest associations with later-diagnosed motor delay and autism spectrum disorder, respectively. Five perinatal factors and advanced maternal age were associated with NDD at 3 years of age, as were early parental developmental concerns regarding their offspring's overall development, indicating the importance of careful follow-up of offspring born with pre-/perinatal reduced optimality. The results also implicated early parental concerns, as early as 1 month, may also be a useful indicator of later NDD status. (PsycInfo Database Record (c) 2023 APA, all rights reserved)","Journal

Peer Reviewed Journal",English,2023
73,Effects of perioperative use of esketamine on postpartum depression risk in patients undergoing cesarean section: A randomized controlled trial. [References].,https://dx.doi.org/10.1016/j.jad.2023.07.103,"Liu, Qing-Ren

Zong, Qian-Kun

Ding, Li-Li

Dai, Hong-Yan

Sun, Yan

Dong, Yong-Yan

Ren, Zhuo-Yu

Hashimoto, Kenji

Yang, Jian-Jun",Journal of Affective Disorders,"Background: Postpartum depression (PPD) is a prevalent public health issue. Although ketamine has prophylactic effects on PPD in women undergoing cesarean section, the effects of esketamine on PPD remain unclear. This trial aimed to evaluate the efficacy of perioperative esketamine infusion on PPD risk by assessing Edinburgh Postnatal Depression Scale (EPDS) scores and blood biomarkers. Methods: A total of 150 participants undergoing elective cesarean section were randomly allocated to receive either esketamine or normal saline. Since 27 participants were excluded due to consent withdrawal or loss to follow-up, 123 patients were included. The primary outcome was the prevalence of PPD risk. Secondary outcomes included the prevalence of postpartum anxiety (PPA) risk, levels of biomarkers, postoperative pain intensity, and cumulative sufentanil consumption. Results: The prevalence of PPD and PPA risk at 3 days, 42 days, 3 months, and 6 months postpartum did not differ between the two groups. Furthermore, EPDS scores, pain intensity at rest, and during coughing on postoperative days (POD) 1 and 2 did not differ between the two groups. Sufentanil consumption during 0-12 h, 12-24 h, 0-24 h, and 0-48 h postoperatively were significantly lower in the esketamine group compared to the control group. Blood biomarkers did not differ between the two groups on POD 3. Limitations: The sample size was small. PPD risk was simply screened, not diagnosed. Conclusions: Perioperative administration of esketamine did not decrease the incidence of PPD risk in women after elective cesarean section. However, esketamine reduced opioid consumption. (PsycInfo Database Record (c) 2023 APA, all rights reserved)","Journal

Peer Reviewed Journal",English,2023
74,Neonatal admission after lithium use in pregnant women with bipolar disorders: A retrospective cohort study. [References].,https://dx.doi.org/10.1186/s40345-023-00306-7,"Schonewille, Noralie N

Terpstra, Pleun A

van den Heuvel, Maria E. N

Van Pampus, Maria G

van den Heuvel, Odile A

Broekman, Birit F. P",International Journal of Bipolar Disorders,"Background: Lithium is the preferred treatment for pregnant women with bipolar disorders (BD), as it is most effective in preventing postpartum relapse. Although it has been prescribed during pregnancy for decades, the safety for neonates and obstetric outcomes are a topic of ongoing scientific debate as previous research has yielded contradicting outcomes. Our study aims to compare (re)admission rates and reasons for admissions in neonates born to women with bipolar disorders (BD) with and without lithium exposure. Methods: A retrospective observational cohort study was conducted in a Dutch secondary hospital (two locations in Amsterdam). Women with BD who gave birth after a singleton pregnancy between January 2011 and March 2021 and their neonates were included. Outcomes were obtained by medical chart review of mothers and neonates and compared between neonates with and without lithium exposure. The primary outcome was admission to a neonatal ward with monitoring, preterm birth, small for gestational age (SGA), 5-minute Apgar scores, neonatal asphyxia, and readmission <= 28 days. Results: We included 93 women with BD, who gave birth to 117 live-born neonates: 42 (36%) exposed and 75 (64%) non-exposed to lithium. There were no significant differences in neonatal admission with monitoring (16.7 vs. 20.0%, p = 0.844). Additionally, preterm birth (7.1 vs. 5.3%), SGA (0.0 vs. 8.0%), 5-minute Apgar scores (means 9.50 vs. 9.51), neonatal asphyxia (4.8 vs. 2.7%) and readmission (4.8 vs. 5.3%) were comparable. Overall, 18.8% of BD offspring was admitted. Women with BD had high rates of caesarean section ( 29.1%), gestational diabetes (12.8%) and hypertensive disorders of pregnancy (8.5%). Conclusions: In a sample of neonates all born to women with BD using various other psychotropic drugs, exposure to lithium was not associated with greater risk of neonatal admission to a ward with monitoring compared to non-exposure to lithium, questioning the necessity for special measures after lithium exposure. However, offspring of women with BD was admitted regularly and women with BD have high obstetric risk which require clinical and scientific attention. (PsycInfo Database Record (c) 2023 APA, all rights reserved)","Journal

Peer Reviewed Journal",English,2023
75,Fear of childbirth and its determinants in pregnant women in the third trimester: A cross-sectional study. [References].,https://dx.doi.org/10.1186/s12888-023-05070-7,"Zhang, Teng

Liu, Meilin

Min, Fanli

Wei, Wei

Liu, Yuan

Tong, Jiao

Meng, Qian

Sun, Lizhou

Chen, Xu",BMC Psychiatry,"Background: Fear of childbirth (FOC) is a prevalent issue among pregnant women and significantly relates to adverse outcomes for the mother and child. However, it is not clear the prevalence and risk factors of FOC among pregnant women in a region with a moderate level of economic development in China. The aim of this study was to investigate the prevalence and risk factors of FOC among pregnant women in the third trimester of pregnancy in Lianyungang city, Eastern China. Methods: A cross-sectional survey was conducted from December 2022 to February 2023 among pregnant women in the third trimester who met the inclusion criteria and visited Lianyungang Maternal and Child Health Hospital in Jiangsu Province, Eastern China. A structured questionnaire including sociodemographic characteristics, clinical characteristics, FOC, family function, doctor-patient communication, social support, general self-efficacy, anxiety, depression, insomnia symptoms, and quality of life was used to collect data. A multiple linear regression model was used to identify predictors of FOC. Results: This study included 535 pregnant women in the third trimester. The mean score of FOC was 30.67 +/- 10.18, and the median score was 29.00. The prevalence of FOC was 56.64%. Multiple linear regression analysis revealed that pregnant women with electronic screen exposure time more than 5 h per day (beta = 2.02, 95%CI: 0.50-3.53, P < 0.05), no history of cesarean section (beta = 2.66, 95%CI: 0.61-4.71, P < 0.05), likes sour food or hates greasy food (beta = 1.75, 95%CI: 0.00-3.50, P < 0.05), anxiety (beta = 0.50, 95%CI: 0.21-0.80, P < 0.05) and depression (beta = 0.30, 95%CI: 0.04-0.57, P < 0.05) were more likely to have a greater level of FOC than their counterparts. However, a significantly lower level of FOC was observed in pregnant women who were multipara (beta=-1.64, 95%CI: -3.27-0.01, P < 0.05), not worrying about delivery without family members (beta=-3.75, 95%CI: -5.26-2.25, P < 0.001), had good family function (beta=-0.32, 95%CI: -0.64-0.00, P < 0.05) and doctor-patient communication (beta=-0.33, 95%CI: -0.64-0.02, P < 0.05). Conclusions: The prevalence of FOC was high in Lianyungang city, Eastern China. FOC is influenced by multiple factors. There is an urgent need to develop interventions to reduce the prevalence of FOC in the third trimester of pregnancy, and to pay attention to pregnant women with risk factors for FOC. (PsycInfo Database Record (c) 2023 APA, all rights reserved)","Journal

Peer Reviewed Journal",English,2023
76,Racial disparities in donor human milk feedings: A study using electronic medical records. [References].,https://dx.doi.org/10.1089/heq.2022.0085,"Palmquist, Aunchalee E. L

Asiodu, Ifeyinwa V

Tucker, Christine

Tully, Kristin P

Asbill, Diane T

Malloy, Angela

Stuebe, Alison M",Health Equity,"Introduction: The aim of this study was to evaluate differences in the use of pasteurized donor human milk (PDHM) by maternal race-ethnicity during postpartum hospitalization using electronic medical records (EMRs). Materials and Methods: A retrospective cohort study of all live-born infants at our academic research institution from July 1, 2014, to June 30, 2016, was conducted. EMR data were used to determine whether each infant received mother's own milk (MOM), PDHM, or formula. These data were stratified based on whether the infant received treatment in the Neonatal Critical Care Center. Generalized estimating equation models were used to calculate the odds of receiving PDHM by maternal race-ethnicity, adjusting for gestational age, birth weight, insurance, preferred language, nulliparity, and mode of delivery. Results: Infant feeding data were available for 7097 infants, of whom 49% were fed only MOM during their postpartum hospitalization. Among the 15.9% of infants admitted to neonatal critical care, infants of non-Hispanic Black (odds ratio [OR] 0.47, 95% confidence interval [CI] 0.31-0.72), Hispanic (OR 0.65, 95% CI 0.36-1019), and Other (OR 0.63, 95% CI 0.32-1.26) mothers had lower rates of PDHM feedings than infants of non-Hispanic White mothers in the adjusted models. Among well infants, the use of PDHM was lower among non-Hispanic Black and Hispanic mothers (OR 0.25, 95% CI 0.18-0.36, and OR 0.38, 95% CI 0.26-0.56) compared with non- Hispanic White mothers. Conclusions: Inequities in exclusive human milk feeding and use of PDHM by maternal race-ethnicity were identified. Antiracist interventions are needed to promote equitable access to skilled lactation support and counseling for PDHM use. (PsycInfo Database Record (c) 2023 APA, all rights reserved)","Journal

Peer Reviewed Journal",English,2022
77,Delivering high birth weight babies by emergency caesarean section may increase the risk of attention-deficit/hyperactivity disorder. [References].,https://dx.doi.org/10.1111/apa.16711,"Chen, Yi-Lung

Hsiao, Ray C

Chou, Wen-Jiun

Yen, Cheng-Fang",Acta Paediatrica,"Research has associated caesarean sections (C-sections), preterm birth and low birth weight with an increased risk of neurodevelopmental disorders, such as attention-deficit/ hyperactivity disorder (ADHD), autism spectrum disorder (ASD) and intellectual disability. This population-based cohort study aimed to examine the interaction effects between those three birth factors and neurodevelopment disorders. (PsycInfo Database Record (c) 2023 APA, all rights reserved)","Journal

Peer Reviewed Journal",English,2023
78,Prevalence of gestational diabetes mellitus and perinatal outcomes according to the old WHO criteria and IADPSG criteria. [References].,,"Pavic, Mato

Premuzic, Vedran

Pavic, Ana Zovak

Bevanda, Milenko

Mihaljevic, Slobodan

Oreskovic, Slavko",Psychiatria Danubina,"Background: Gestational diabetes mellitus (GDM) is the most common metabolic disorder in pregnancy. Pregnancies with GDM have worse outcomes compared to pregnancies with normal glucose tolerance. The objectives of the study were to determine the prevalence of GDM and perinatal outcomes according to the old WHO criteria and IADPSG criteria. Subjects and methods: A retrospective study included 2,405 pregnant women who delivered between January 2009 and December 2010. According to the OGTT results, pregnant women were divided into 4 groups. We analyzed the prevalence of GDM, characteristics of pregnant women and their newborns and perinatal outcomes. Results: We found significantly higher prevalence of GDM according to the IADPSG criteria compared to the WHO criteria. Pregnant women with GDM were significantly older, had higher pre-pregnancy BMI, fasting and 2-h plasma glucose. Pregnant women with GDM had worse pregnancy outcomes compared to control group. The overall proportion of overweight and obese pregnant women was the highest in the group of untreated pregnant women with GDM according to the IADPSG criteria. In this group we found significantly higher rate of fetal macrosomia and LGA. The rate of caesarean section was significantly higher in comparison to control group. Pre-eclampsia was significantly more common in groups of pregnant women with GDM compared to control group. Conclusion: IADPSG diagnostic criteria reveals more women with hyperglycemic disorders in pregnancy. A group of pregnant women who were normoglycemic according to the WHO criteria, but according to the IADPSG were diagnosed GDM, had adverse pregnancy outcomes. Lower values of glycemia, than those defined for diabetes in pregnancy, are associated with adverse pregnancy outcomes. (PsycInfo Database Record (c) 2023 APA, all rights reserved)","Journal

Peer Reviewed Journal",English,2021
79,Early environmental and biological influences on preschool motor skills: Implications for early childhood care and education. [References].,https://dx.doi.org/10.3389/fpsyg.2021.725832,"Escolano-Perez, Elena

Sanchez-Lopez, Carmen Rosa

Herrero-Nivela, Maria Luisa",Frontiers in Psychology,"Early motor skills underpin the more complex and specialized movements required for physical activity. Therefore, the design of interventions that enhance higher levels of early motor skills may encourage subsequent participation in physical activity. To do so, it is necessary to determine the influence of certain factors (some of which appear very early) on early motor skills. The objective of this study was to examine the influence of some very early environmental variables (delivery mode, feeding type during the first 4 months of life) and some biological variables (sex and age in months) on preschool motor skills, considered both globally and specifically. The sample was composed by 43 preschool students aged 5-6 years. The participant's parents completed an ad hoc questionnaire, reporting on delivery mode, feeding type, sex, and age in months. The children's motor skills were assessed using observational methodology in the school setting, while the children participated in their regular motor skills sessions. A Nomothetic/Punctual/Multidimensional observational design was used. Results revealed that certain preschool motor skills were specifically influenced by delivery mode, feeding type, sex, and age. Children born by vaginal delivery showed higher scores than children born via C-section in throwing (p = 0.000; d = 0.63); total control of objects (p = 0.004; d = 0.97); total gross motor skills (p = 0.005; d = 0.95); and total motor skills (p = 0.002; d = 1.04). Children who were exclusively breastfed outperformed those who were formula-fed in throwing (p = 0.016; d = 0.75); visual-motor integration (p = 0.005; d = 0.94); total control of objects (p = 0.002; d = 1.02); total gross motor skills (p = 0.023; d = 0.82); and total motor skills (p = 0.042; d = 0.74). Boys outperformed girls in throwing (p = 0.041; d = 0.74) and total control of objects (p = 0.024; d = 0.63); while the opposite occurred in static balance (p = 0.000; d = 1.2); visual-motor coordination (p = 0.020; d = 0.79); and total fine motor skills (p = 0.032; d = 0.72). Older children (aged 69-74 months) obtained higher scores than younger ones (aged 63-68 months) in dynamic balance (p = 0.030; d = 0.66); visual-motor integration (p = 0.034; d = 0.63); and total balance (p = 0.013; d = 0.75). Implications for early childhood care and education are discussed since this is a critical period for motor skill development and learning. (PsycInfo Database Record (c) 2023 APA, all rights reserved)","Journal

Peer Reviewed Journal",English,2021
80,Predictors of breastfeeding duration in the New Hampshire Birth Cohort Study. [References].,https://dx.doi.org/10.1007/s10995-023-03714-4,"Crawford, Kathryn A

Gallagher, Lisa G

Baker, Emily R

Karagas, Margaret R

Romano, Megan E",Maternal and Child Health Journal,"Introduction Breastfeeding has significant health benefits for infants and birthing persons, including reduced risk of chronic disease. The American Academy of Pediatrics recommends exclusively breastfeeding infants for 6 months and recently extended its recommendation for continuing to breastfeed with supplementation of solid foods from one to two years. Studies consistently identify lower breastfeeding rates among US infants, with regional and demographic variability. We examined breastfeeding in birthing person-infant pairs among healthy, term pregnancies enrolled in the New Hampshire Birth Cohort Study between 2010 and 2017 (n = 1176). Methods Birthing persons 18-45 years old were enrolled during prenatal care visits at ~ 24-28 weeks gestation and have been followed since enrollment. Breastfeeding status was obtained from postpartum questionnaires. Birthing person and infant health and sociodemographic information was abstracted from medical records and prenatal and postpartum questionnaires. We evaluated the effects of birthing person age, education, relationship status, pre-pregnancy body mass index, gestational weight gain (GWG), smoking and parity, and infant sex, ponderal index, gestational age and delivery mode on breastfeeding initiation and duration using modified Poisson and multivariable linear regression. Results Among healthy, term pregnancies, 96% of infants were breastfed at least once. Only 29% and 28% were exclusively breastfed at 6-months or received any breastmilk at 12-months, respectively. Higher birthing person age, education, and parity, being married, excessive GWG, and older gestational age at delivery were associated with better breastfeeding outcomes. Smoking, obesity, and cesarean delivery were negatively associated with breastfeeding outcomes. Conclusions Given the public health importance of breastfeeding for infants and birthing persons, interventions are needed to support birthing persons to extend their breastfeeding duration. Significance What is already known? The benefits of breastfeeding to child and birthing person health are well-documented, however, rates of breastfeeding initiation and duration continue to fall short of health-based guidelines. Regional differences exist and certain rural New England states tend to have amongst the highest breastfeeding rates in the US. What this study adds? This study of n = 1176 birthing persons-infant pairs enrolled in the New Hampshire Birth Cohort Study, a rural, general population pregnancy cohort, suggests that factors influencing breastfeeding outcomes align closely with studies conducted in urban settings and using nationally-representative surveys. (PsycInfo Database Record (c) 2023 APA, all rights reserved)","Journal

Peer Reviewed Journal",English,2023
81,Postintervention and follow-up changes in caregiving behavior and representations after individually or group delivered hybrid Circle of Security-intensive intervention with New Zealand caregiver-child dyads. [References].,https://dx.doi.org/10.1080/14616734.2020.1809057,"Huber, Anna

Hicks, Anne-Marie

Ball, Michelle

McMahon, Catherine",Attachment & Human Development,"The Circle of Security Intensive intervention (COS-I) aims to improve child attachment security and reduce disorganisation by improving caregiver capacities, including caregiving behavior and representations. Research on COS-I effectiveness with these goals is limited and none examines if positive changes are sustained. A recently revised hybrid COS-I protocol (COS-I-RH) incorporates Circle of Security-Parenting (COS-P) material and individual or group delivery options. We examined (1) post intervention and follow-up changes in caregiving behavior and representations after COS-I-RH and (2) if individual or group delivery moderated changes. New Zealand parent-child dyads with relationship concerns (n=36; child age M =35 months) referred to a community-based program completed COS-I-RH. Four caregiver capacities (supportive and unsupportive parenting (CTNES), parenting self-efficacy and satisfaction (PSOC)) were measured pre- and post-treatment, and one year later. Regardless of delivery mode, after COS-I-RH, parents showed large improvements on all 4 indices of caregiving behavior and representations, maintained at one-year follow-up. (PsycInfo Database Record (c) 2023 APA, all rights reserved)","Journal

Peer Reviewed Journal",English,2021
82,An optimization for postpartum depression risk assessment and preventive intervention strategy based machine learning approaches. [References].,https://dx.doi.org/10.1016/j.jad.2023.02.028,"Liu, Hao

Dai, Anran

Zhou, Zhou

Xu, Xiaowen

Gao, Kai

Li, Qiuwen

Xu, Shouyu

Feng, Yunfei

Chen, Chen

Ge, Chun

Lu, Yuanjun

Zou, Jianjun

Wang, Saiying",Journal of Affective Disorders,"Background: Postpartum depression (PPD) is one of the most common psychiatric disorders for women after delivery. The establishment of an effective PPD prediction model helps to distinguish high-risk groups, and verifying whether such high-risk groups can benefit from drug intervention is very important for clinical guidance. Methods: We collected data of parturients that underwent a cesarean delivery. The Control group was divided into a training cohort and a testing cohort. Six different ML models were constructed and we compared their prediction performance in the testing cohort. For model interpretation, we introduced SHapley Additive exPlanations (SHAP). Then, training cohort, ketamine group and dexmedetomidine (DEX) group were classified as high or low risk for PPD by the model. A 1:1 propensity score matching (PSM) was performed to compare the incidence of PPD between two groups in different risk cohorts. Results: Extreme gradient enhancement (XGB) had the best recognition effect, with an area under the receiver operating characteristic curve (AUROC) of 0.789 (95 % CI 0.742-0.836) in the training cohort and 0.744 (95 % CI 0.655-0.823) in the testing cohort, respectively. A threshold of 21.5 % PPD risk probability was determined. After PSM, the results showed that the incidence of PPD in the two intervention groups was significantly different from the control group in the high-risk cohort (P < 0.001) but not in the low-risk cohort (P > 0.001). Conclusion: Our study demonstrated that the XGB algorithm provided a more accurate in prediction of PPD risk, and it was beneficial to receive early intervention for the high-risk groups distinguished by the model. (PsycInfo Database Record (c) 2023 APA, all rights reserved)","Journal

Peer Reviewed Journal",English,2023
83,Clinical predictors for breastfeeding initiation among women with epilepsy. [References].,https://dx.doi.org/10.1016/j.seizure.2022.01.013,"Jedrzejczak, Joanna

Majkowska-Zwolinska, Beata",Seizure: European Journal of Epilepsy,"Purpose: To study breastfeeding initiation and continuation rates and identify clinical predictors of breastfeeding initiation related to maternal epilepsy and the newborn's condition among women with epilepsy (WWE). Methods: Data on a cohort of 1195 pregnant WWE from an epilepsy center in Poland from 2000 to 2019 were prospectively collected. Mann-Whitney U and ch2 tests -based comparisons between lactating and non-lactating WWE according to age, week of delivery, Apgar score, birth weight, type of epilepsy, seizure control, major congenital malformation (MCM), mode of delivery, type and dose of antiseizure medication (ASM) were performed. A logistic regression model was constructed to identify predictors of breastfeeding initiation. Results: Among 921 WWE, who gave birth to a living child, 709 (77%) initiated breastfeeding. The annual rate did not significantly change over the study period. Higher breastfeeding initiation rates were associated with vaginal birth (OR = 0.66) and lack of MCM (OR = 0.23). Breastfeeding initiation was less frequent with old-generation ASM monotherapy (OR = 0.36) or polytherapy (OR = 0.33) compared to no ASM treatment. The rate of breastfeeding initiation was positively associated with gestational week and the newborn's condition. At 6 months, about 1/3 of WWE maintained lactation. Conclusion: Approximately 3/4 of the WWE cohort initiated breastfeeding. Breastfeeding initiation was associated with delivery mode, treatment type, and the newborn's condition but was not associated with seizures during pregnancy or the individual ASM dose. Further studies are needed to identify additional factors that may negatively affect breastfeeding. (PsycInfo Database Record (c) 2023 APA, all rights reserved)","Journal

Peer Reviewed Journal",English,2022
84,Limits of prenatal care coordination for improving birth outcomes among Medicaid participants. [References].,https://dx.doi.org/10.1016/j.ypmed.2022.107240,"Cross-Barnet, Caitlin

Benatar, Sarah

Courtot, Brigette

Hill, Ian",Preventive Medicine: An International Journal Devoted to Practice and Theory,"Maternity Care Homes (MCHs) intend to address clinical and psychosocial needs for perinatal patients and are commonly implemented for Medicaid beneficiaries. Rigorous evidence supporting MCHs' effectiveness for improving birth outcomes is thin, but most studies consider only clinical and demographic factors from administrative data. To assess birth outcomes with controls for psychosocial variables known to affect them, this paper considers quantitative participant-level data from the Strong Start for Mothers and Newborns prenatal care initiative, with qualitative case study data to further contextualize results. From 2013 to 2017, Strong Start served over 45,000 Medicaid beneficiaries in 32 states, D.C., and Puerto Rico though MCHs, group prenatal care, or freestanding birth centers. Participant data included risks screens for food insecurity, depression, anxiety, pregnancy intention, and intimate partner violence, in addition to clinical and demographic information. After clinical, demographic and psychosocial risks were controlled in a regression model, Strong Start birth center participants showed significantly lower rates of preterm birth, low birthweight, and cesarean section relative to MCH participants (p < .01). In group prenatal care, White participants showed lower rates of preterm birth (p < .01) and Black participants showed lower rates of low birthweight (p < .05) relative to MCH participants. Strong Start participants reported appreciation for MCH care managers' support, but community and clinical referrals often had long waiting lists or were inaccessible. Transformative care models focusing on provider continuity, relationship building, and patient activation may offer more promise for improving birth outcomes than supplementing medical models with care management and other resources. (PsycInfo Database Record (c) 2023 APA, all rights reserved)","Journal

Peer Reviewed Journal",English,2022
85,"Knowledge, attitudes, and practices (KAP) towards COVID-19 pandemic among pregnant women in a tertiary hospital in Karachi, Pakistan. [References].",https://dx.doi.org/10.1371/journal.pone.0274252,"Naz, Sumaira

Dur e Shawar, Syeda

Saleem, Shamila

Malik, Ayesha

Raza, Amir",PLoS ONE,"Background: The aim of this study was to evaluate the knowledge, attitude, and practices (KAP) of the pregnant population during the COVID-19 pandemic in a tertiary care hospital. Methods: This cross-sectional study was conducted at Aga Khan University Hospital, Karachi, Pakistan. KAP towards COVID-19 was assessed using 21-item questionnaires. A score for each category was calculated and points were summed. The outcome variables of KAP were compared with demographic characteristics. Data were analyzed by using SPSS 19. Results: A total of 377 patients participated in the study. The majority of the patients were multiparous (36.8%) in the age group of 30-40years (42.4%). More than 90% of patients were aware of COVID-19 symptoms and mode of transmission. They were aware of no cure for disease and optimum social distance. Although < 50% of patients truly answered the questions regarding the impact of COVID-19 on the risk of congenital malformation, vertical transmission, and the effect of infection on the mode of delivery. Regarding attitude and practices,> 90% of patients were anxious about fetal and personal safety, they are using a facemask, sanitizing their hands regularly, and avoiding social gatherings. Univariate and multivariable linear regression analysis showed statistically significant results among demographic variables (age, parity, family members, occupational status, and source of information). Conclusion: Pregnant patients demonstrated inadequate knowledge regarding the impact of COVID-19 on pregnancy. However positive attitude and practices on preventive measures were good. This highlights the need for health education for pregnant women for COVID-19 to improve knowledge on a constant basis. (PsycInfo Database Record (c) 2023 APA, all rights reserved)","Journal

Peer Reviewed Journal",English,2022
86,"Risks of attention-deficit/hyperactivity disorder, autism spectrum disorder, and intellectual disability in children delivered by caesarean section: A population-based cohort study. [References].",https://dx.doi.org/10.1016/j.ajp.2022.103334,"Lin, Pei-Yun

Chen, Yi-Lung

Hsiao, Ray C

Chen, Hsiu-Lin

Yen, Cheng-Fang",Asian Journal of Psychiatry,"This population-based study investigated the risks of attention-deficit/hyperactivity disorder (ADHD), autism spectrum disorder (ASD), and intellectual disabilities among children delivered by Cesarean section (CS) in comparison with those who were delivered by vaginal delivery (VD). The Taiwan Maternal and Child Health Database from 2004 to 2016 registered 675,718 and 1,208,983 children delivered by CS and by VD, respectively. The results of Cox proportional hazards regression model demonstrated that children delivered by CS had significantly higher risks of ADHD, ASD, and intellectual disability than those delivered by VD after the confounding effects of maternal and child factors were controlled for. (PsycInfo Database Record (c) 2023 APA, all rights reserved)","Journal

Peer Reviewed Journal",English,2023
87,Association between antenatal depression and adverse perinatal outcomes: A prospective cohort study. [References].,https://dx.doi.org/10.1016/j.jad.2022.12.008,"Zhang, Zhi-Yin

Yu, Jing-Jing

Zeng, Wan-Ting

Zhou, Min-Cong

Duan, Chen-Chi

Zhu, Lin-Ling",Journal of Affective Disorders,"Background: Antenatal depression might cause adverse pregnancy outcomes. However, previous study results were inconsistent, especially in the low- and middle- income countries. We aimed to study the association between antenatal depression and adverse perinatal outcomes in a Chinese population. Methods: We performed a prospective cohort study and enrolled pregnant women from January 2020 to January 2021. Antenatal depressive symptoms in the third trimester of pregnancy were evaluated by the Edinburgh Postpartum Depression Scale (EPDS). Baseline characteristics and pregnancy outcomes were recorded. After adjusting for confounding factors (age, occupation, education level, and annual income), multivariate logistic regression analysis was applied to evaluate the associations between antenatal depression and pregnancy outcomes. Results: Among the 5209 participants, 1448 (27.7 %) pregnant women were positive for depression. After adjusting for potential confounders, women with antenatal depressive symptoms were significantly more likely to deliver prematurely [Odds ratio (OR) = 1.404, 95 % confidence interval (CI) = 1.020-1.933, P = 0.037] and receive cesarean section (OR = 1.154, 95 % CI = 1.002-1.331, P = 0.048). Limitations: EPDS, not a structured diagnostic interview, was used for psychological assessment. In addition, we only screened the women in their third trimester in a single research center. The association between the duration of antenatal depression and perinatal outcomes was not evaluated. Conclusions: Depressive symptoms were common among Chinese women in their third trimester of pregnancy. Women with antenatal depressive symptoms had increased cesarean section and preterm delivery risks. Screening and treatment for antenatal depression are needed during the prenatal care. (PsycInfo Database Record (c) 2023 APA, all rights reserved)","Journal

Peer Reviewed Journal",English,2023
88,Maternal autonomy and associated factors in making decision to utilize health service for themselves and neonates in south Ethiopia: A community based cross-sectional survey. [References].,https://dx.doi.org/10.1371/journal.pone.0275303,"Tesfaye, Degefa Gomora

Efa, Yohannes Tekalegn

Desta, Fikreab

Gebeyehu, Mulugeta Adugnew

Abdella, Sana'a Kedir",PLoS ONE,"Background: The definition of women's autonomy used in the study is control over finances, decision-making power, and the extent of freedom of movement by women. Lower autonomy of women affects the socio-economic, emotional, fertility decision, contraceptive use, and sexual life of the women. Thus, this study aimed to assess maternal autonomy and associated factors in making a decision to utilize health services for themselves and neonates in south Ethiopia. Methods: Community-based cross-sectional study design was conducted from January 1 to March 2, 2021, in Shashamane town. Four hundred ten postpartum mothers were selected using a stratified random sampling technique and interviewed for the survey using questions composed of decision-making autonomy components (decision-making power, control over finances, and freedom of movement). The data were checked for consistency, coded, and entered using EpiData Manager (version 4.6.0.4) and analyzed using Statistical Package for Social Science (SPSS) version 26. Descriptive statistics, composite score analysis, and binary and multivariate logistic regression were done to capture the objectives. Result: 410 postpartum mothers were interviewed while the mean and standard deviation of the participants' age was 26.96 +/- 5.38. About 48.5% of mothers had high decision-making autonomy for their own and their neonates' health service utilization. Being in monogamous marriage (AOR = 1.82, 95% CI: 1.21, 2.74), and mode of delivery (Cesarean section) (AOR = 1.91, 95% CI: 1.18, 3.07) were significantly associated with having high maternal decision-making autonomy. Conclusions: More than half of the study participants had low maternal decision-making autonomy for their own and their neonates' health service utilization. Being in monogamous marriage, and mode of delivery (Cesarean section) were factors significantly associated with high maternal decision-making autonomy. Encouraging mothers to use facility delivery was recommended. (PsycInfo Database Record (c) 2025 APA, all rights reserved)","Journal

Peer Reviewed Journal",English,2022
89,Low staffing in the maternity ward: Keep calm and call the surgeon. [References].,https://dx.doi.org/10.1016/j.jebo.2022.03.013,"Facchini, Gabriel",Journal of Economic Behavior & Organization,"This paper examines how workload affects the provision of care in a large but understudied segment of the healthcare sector - maternity wards. I use detailed patient-level administrative data on childbirth, and exploit quasi-random assignment of unscheduled patients to different staffing ratios. I find that the probability of C-section increases at a decreasing rate with workload. I show that this result is not attributable to patients' differential sorting across staffing levels. Instead, I find evidence that C-sections are used to alleviate midwives' workload -they are faster than vaginal births and performed by physicians. I also exploit patient's civil status to determine whether the effect varies with patient's bargaining power -single women are on average more likely to be alone in the delivery room. Consistent with induced demand, only single patients are more likely to receive a C-section when admitted at high workload levels. (PsycInfo Database Record (c) 2025 APA, all rights reserved)","Journal

Peer Reviewed Journal",English,2022
90,"Further validation of the birth satisfaction scale-revised: Factor structure, validity, and reliability. [References].",https://dx.doi.org/10.1007/s12144-021-02688-2,"Nakic Rados, Sandra

Matijas, Marijana

Brekalo, Maja

Hollins Martin, Caroline J

Martin, Colin R",Current Psychology: A Journal for Diverse Perspectives on Diverse Psychological Issues,"The Birth Satisfaction Scale-Revised is a short but valid and reliable robust measure of different aspects of birth satisfaction. This study aimed to test factor structure, validity and reliability of the Croatian version of the Birth Satisfaction Scale-Revised. In the cross-sectional study, a convenient online sample of 552 women completed questionnaires in the first year postpartum. The Birth Satisfaction Scale-Revised, subscale Satisfaction with Delivery from the Childbirth Perception Questionnaire, and a set of questions on demographic and obstetric data were administered. The results showed the excellent fit of both the three-factor model (Stress experienced during labour, Women's personal attributes, Quality of care) and two-factor model (with Stress and Women's attributes combined into one factor), with no significant difference between the two models. Furthermore, bi-factor modeling revealed a general factor of childbirth experience, which explains the variance of items from Stress and Women's attributes subscales. The internal consistency was high for the total scale and Quality of care, while acceptable for the other two subscales. Convergent and divergent validity was high. Known-group discriminant validity showed that women who gave birth by unassisted vaginal birth and planned caesarean section reported higher levels of birth satisfaction. In conclusion, both empirical findings and theoretical background suggest a three-factor model as the better solution for the Birth Satisfaction Scale-Revised conceptualization. As the Croatian version of the Birth Satisfaction Scale-Revised was shown to be valid and reliable, it is recommended for use to measure birth satisfaction both for research and practical purposes. (PsycInfo Database Record (c) 2025 APA, all rights reserved)","Journal

Peer Reviewed Journal",English,2023
91,Altered stress responses in adults born by Caesarean section. [References].,https://dx.doi.org/10.1016/j.ynstr.2021.100425,"Dinan, Timothy G

Kennedy, Paul J

Morais, Livia H

Murphy, Amy

Long-Smith, Caitriona M

Moloney, Gerard M

Bastiaanssen, Thomaz F. S

Allen, Andrew P

Collery, Aoife

Mullins, David

Cusack, Anne-Marie

Berding, Kirsten

O'Toole, Paul W

Clarke, Gerard

Stanton, Catherine

Cryan, John F",Neurobiology of Stress,"Birth by Caesarean-section (C-section), which increases the risk for metabolic and immune disorders, disrupts the normal initial microbial colonisation of the gut, in addition to preventing early priming of the stress and immune-systems.. Animal studies have shown there are enduring psychological processes in C-section born mice. However, the long-term impact of microbiota-gut-brain axis disruptions due to birth by C-section on psychological processes in humans is unknown. Forty age matched healthy young male university students born vaginally and 36 C-section delivered male students were recruited. Participants underwent an acute stressor, the Trier social stress test (TSST), during a term-time study visit. A subset of participants also completed a study visit during the university exam period, representing a naturalistic stressor. Participants completed a battery of cognitive tests and self-report measures assessing mood, anxiety, and perceived stress. Saliva, blood, and stool samples were collected for analysis of cortisol, peripheral immune profile, and the gut microbiota. Young adults born by C-section exhibit increased psychological vulnerability to acute stress and a prolonged period of exam-related stress. They did not exhibit an altered salivary cortisol awakening response to the TSST, but their measures of positive affect were significantly lower than controls throughout the procedure. Both C-section and vaginally-delivered participants performed equally well on cognitive assessments. Most of the initial effects of delivery mode on the gut microbiome did not persist into adulthood as the gut microbiota profile showed modest changes in composition in adult vaginally-delivered and C-sectioned delivered subjects. From an immune perspective, concentrations of IL-1beta and 1L-10 were higher in C-section participants. These data confirm that there is a potential enduring effect of delivery mode on the psychological responses to acute stress during early adulthood. The mental health implications of these observations require further study regarding policies on C-section use. (PsycInfo Database Record (c) 2025 APA, all rights reserved)","Journal

Peer Reviewed Journal",English,2022
92,The association between maternal symptoms of depression and hair glucocorticoids in infants across the perinatal period. [References].,https://dx.doi.org/10.1016/j.psyneuen.2022.105952,"Karl, Marlene

Huth, Vanessa

Schalicke, Sarah

Muller-Stark, Corinna

Weise, Victoria

Mack, Judith T

Kirschbaum, Clemens

Weidner, Kerstin

Garthus-Niegel, Susan

Steudte-Schmiedgen, Susann",Psychoneuroendocrinology,"Background: Maternal symptoms of depression constitute an early adversity for infants that is considered to exert its effects via the maternal-placental-fetal neuroendocrine axis. Previous research implicates associations between maternal prenatal symptoms of depression and infants' glucocorticoid (GC) levels shortly after birth. To date, associations have not been investigated in the early postnatal period. The current study aimed to investigate the influence of maternal perinatal symptoms of depression on infants' neonatal and postnatal hair GCs providing a retrospective reflection of integrated cortisol secretion in the intrauterine and early postnatal period, respectively. Methods: As part of a prospective cohort study, hair samples of infants were taken up to two weeks after delivery (N = 152) and again eight weeks after delivery (N = 165). Liquid chromatography-tandem mass spectrometry was used to determine hair cortisol and cortisone in scalp-near 2-cm hair segments. Maternal symptoms of depression were assessed during pregnancy and eight weeks postnatally based on the Edinburgh Postnatal Depression Scale. Results: Higher maternal prenatal symptoms of depression showed a significant association with higher infants' neonatal hair cortisol, when controlling for confounding variables (i.e., gestational age, mode of delivery, parity, storage time, pregnancy complications). A non-significant trend for this effect was found for the hair cortisol-to-cortisone ratio while no effect occurred for hair cortisone. No association of maternal postnatal symptoms of depression with infants' postnatal hair GCs was observed. Further exploratory analyses revealed no relationship between a change of maternal prenatal to postnatal symptoms of depression with the change from infants' neonatal to postnatal hair GC levels or postnatal hair GCs. Conclusion: Our results suggest that maternal prenatal symptoms of depression are associated with dysregulated infants' hair cortisol levels mainly incorporated in the intrauterine period which, in turn, might contribute to increased susceptibility for later diseases. However, no relationship was observed in infants' hair samples additionally reflecting hair GCs of the early postnatal period. Future studies should consider research on associations between maternal symptoms of depression and infants' hair GCs also later in life and take into account additional risk factors with potential impacts on GC secretion during early infancy. (PsycInfo Database Record (c) 2025 APA, all rights reserved)","Journal

Peer Reviewed Journal",English,2023
93,Associations of gestational weight gain with perinatal outcomes in Western Brazilian Amazon. [References].,https://dx.doi.org/10.1007/s10995-022-03480-9,"Mosquera, Paola Soledad

Malta, Maira Barreto

de Araujo Damasceno, Ana Alice

Neves, Paulo Augusto Ribeiro

Matijasevich, Alicia

Cardoso, Marly Augusto",Maternal and Child Health Journal,"Objective: To investigate the association between gestational weight gain (GWG) and perinatal outcomes in pregnant Amazonian women. Methods: Data from 1305 mother-child pairs from the MINA-Brazil population-based birth cohort study were used. GWG was classified according to two methods, the Institute of Medicine (IOM) guidelines and INTERGROWTH-21st standards. Poisson and linear regression analyses were conducted to evaluate associations with perinatal outcomes. Results: Following IOM guidelines (n = 1305), the rates of insufficient and excessive GWG were found to be similar (32%). Excessive GWG was associated with higher new-born birthweight (BW) z-scores; increased risks of macrosomia, large for gestational age (LGA), and caesarean delivery; and lower risks of low birthweight (LBW) and being small for gestational age (SGA). Insufficient GWG was associated with lower new-born BW z-scores. Among women with normal pre-pregnancy body mass indices (BMIs, n = 658), inappropriate GWG was high following both methods (IOM: 41.2% insufficient, 24.8% excessive; INTERGROWTH-21st: 25.2% below - 1 z-score, 16.9% above 1 z-score). Both methods also indicated that new-borns of women with excessive GWG had higher BW z-scores and increased risk of macrosomia and LGA. Women with GWG below the INTERGROWTH-21st standards were more likely to deliver an infant SGA and with lower BW z-scores. Conclusions: Inappropriate GWG remains a health concern irrespective of the method used to classify weight gain. GWG above the recommendations of both methods and below the INTERGROWTH-21st standard was associated with adverse perinatal outcomes. Therefore, INTERGROWTH-21st standards seem to be a better fit for healthy women in this population. (PsycInfo Database Record (c) 2025 APA, all rights reserved)","Journal

Peer Reviewed Journal",English,2022
94,The duration of breastfeeding and attention-deficit hyperactivity disorder in school-aged children. [References].,https://dx.doi.org/10.1080/24694193.2020.1797236,"Sepehrmanesh, Zahra

Moraveji, Alireza

Ahmadvand, Afshin

Mehri, Zohreh",Comprehensive Child and Adolescent Nursing,"Attention-deficit hyperactivity disorder (ADHD) is one of the most common childhood-onset neurodevelopmental disorders. In some recent studies breastfeeding had positive effects on physical health and mental development of children and these studies have recommended further studies in this issue. This study evaluated the relationship between duration of breastfeeding and ADHD. This case-control study was carried out in 2017 on 404 children aged 7-12 (196 children with ADHD and 208 children without ADHD). The questionnaire included items on the risk factors such as the child's sex, age, delivery method, birth weight, birth rank, gestational age, age of mother, duration of breastfeeding, history of neonatal hospitalization, history of drug use in neonatal period, history of drug use in pregnancy, history of hypothyroidism and hyperthyroidism in pregnancy, history of neonatal icter, history of neonatal blood exchange. Data were analyzed using t-test, chi-square and logistic regression. The mean of breastfeeding duration in children with ADHD was 17.05 +/- 7.52 months compared with 18.59 +/- 6.74 months in control group (p = .03). A stepwise logistic regression that included the variables was found to be significant in univariate analysis, demonstrating a significant association between ADHD and breastfeeding duration (p = .01), male gender (OR = 2.8), mother hypothyroidism(OR = 4.5) and history of drug use in neonatal period (OR = 1.9). Long-term duration of breastfeeding (more than 12 months) could be a protective factor in ADHD. However, further studies are required. (PsycInfo Database Record (c) 2025 APA, all rights reserved)","Journal

Peer Reviewed Journal",English,2022
95,Evaluation of breastfeeding success and self-efficacy in mothers giving birth via vaginal delivery or cesarean section: A cross-sectional study. [References].,https://dx.doi.org/10.1080/03630242.2022.2146832,"Buran, Gonca

Ozyazicioglu, Nurcan

Aydin, Ayla Irem

Atak, Meryem",Women & Health,"This cross-sectional observational study was conducted to compare breastfeeding success and breastfeeding self-efficacy levels of mothers who gave birth via vaginal delivery (spontaneous or via epidural analgesia) or cesarean section (under general or spinal anesthesia). The study was conducted between September 2019 and February 2020 in the obstetric clinic. Data were collected using a Data Collection Form, the Breastfeeding Self-Efficacy Scale-Short Form (BSES-SF), and the LATCH Breastfeeding Evaluation Tool. Throughout the study, we followed the STROBE Checklist. Mothers who gave birth via spontaneous vaginal delivery had a statistically higher mean Breastfeeding Self-Efficacy score (54.92 +/- 7.72; p < .001) than those who gave birth under spinal anesthesia (43.21 +/- 10.04; p < .001) and then those who gave birth via cesarean section under general anesthesia (37.39 +/- 10.64; p < .001). The difference between the delivery modes in terms of breastfeeding self-efficacy and breastfeeding success scores was statistically significant (respectively, KW = 40.168, p < .001 and KW = 52.420, p < .001). In order to increase the breastfeeding success of mothers who give birth via cesarean section under general anesthesia or spinal anesthesia, lactation nurses need to strengthen the perception of breastfeeding self-efficacy and provide more breastfeeding support to them compared to mothers who give birth via SVD. (PsycInfo Database Record (c) 2025 APA, all rights reserved)","Journal

Peer Reviewed Journal",English,2022
96,The role of personality traits and delivery experience in fear of childbirth: A prospective study. [References].,https://dx.doi.org/10.1007/s10880-022-09848-x,"Rados, Sandra Nakic

Antic, Lana Zigic

Jokic-Begic, Natasa",Journal of Clinical Psychology in Medical Settings,"This study aimed to examine fear of childbirth (FOC) before and after delivery in relation to personality (anxiety and anxiety sensitivity) and birth experience (type of delivery, pain, and staff support). One-hundred and five women completed questionnaires during pregnancy and one month after childbirth. Participants completed the Wijma Delivery Expectancy/Experience Questionnaire; the State and Trait Anxiety Inventory and Anxiety Sensitivity Index, and the McGill Pain Questionnaire and a Support from staff questionnaire. FOC levels decreased after childbirth, but only in the high-level fear group. Path analysis showed that physical concerns, one aspect of anxiety sensitivity, shape FOC during pregnancy. Together with interventions at delivery (instrumental vaginal delivery and emergency caesarean section), pain and low staff support, this in turn modifies FOC after delivery. In conclusion, FOC decreases after childbirth. However, combined with adverse birth experience and certain personality traits, FOC during pregnancy affects FOC after delivery. (PsycInfo Database Record (c) 2024 APA, all rights reserved)","Journal

Peer Reviewed Journal",English,2022
97,Peripartum and postpartum analgesia and pain in women prescribed buprenorphine for opioid use disorder who deliver by cesarean section. [References].,,"O'Connor, Alane B

Smith, Joel

O'Brien, Liam M

Lamarche, Kaitlyn

Byers, Nadine

Nichols, Stephanie D",Substance Abuse: Research and Treatment,"Aim: Little is known about whether pain can be effectively managed in pregnant women with opioid use disorder (OUD) during delivery hospitalization, particularly those undergoing surgery and taking buprenorphine as medication for OUD (MOUD). To address this question, we compared pain scores and opioid analgesic utilization during delivery hospitalization in women taking their pre-hospital dose of buprenorphine who delivered by cesarean section to matched controls. To inform future research efforts, we also began to explore opioid analgesic utilization and pain scores by type of anesthesia as this variable is often not included in related literature. Methods: Retrospective matched cohort study of 46 women prescribed buprenorphine during pregnancy who delivered by cesarean section during a 7-year period. Results: When compared to matched controls, women taking their pre-hospital dose of buprenorphine undergoing cesarean section utilized more opioid analgesics as measured by morphine milligram equivalents (MME) (mean MME first 48 hours 153.0 mg vs 175.1 mg, respectively, P < .01) but had similar pain scores during delivery hospitalization. There was no difference in MME utilization by maternal dose of buprenorphine though sample sizes were small. Women on buprenorphine who received spinal anesthesia with morphine had mean pain scores that were 1.4 points lower (P = .01) during the first 48 hours than women on buprenorphine receiving other methods of anesthesia. Discussion And Conclusions: Pregnant women taking their pre-hospital dose of buprenorphine throughout their surgical delivery hospitalization were able to achieve pain relief similar to women not on MOUD but had higher MME requirements. Our results add to the emerging body of evidence suggesting that individuals on MOUD can achieve adequate post-surgical pain management without adjusting their pre-hospital dose of buprenorphine. Further research is required to fully understand the optimal buprenorphine dosing regimen during surgical hospitalizations. Our results also provide important preliminary evidence that spinal anesthesia containing opioids can be used effectively in individuals with OUD requiring surgical intervention. (PsycInfo Database Record (c) 2024 APA, all rights reserved)","Journal

Peer Reviewed Journal",English,2022
98,Cesarean delivery and risk of excess weight among Brazilian preschool children. [References].,https://dx.doi.org/10.1007/s10995-021-03295-0,"Lopes, Amanda Forster

Machado, Thais Costa

Nascimento, Viviane Gabriela

Bertoli, Ciro Joao

Leone, Claudio",Maternal and Child Health Journal,"Objective: To study the relationship between cesarean Delivery (CD) and overweight in preschool children, considering the presence of birth aspects and demographic characteristics that have been associated with the risk of excess weight. Methods: This retrospective cross-sectional analysis used representative data of children from 2 to 6 years of age at municipal daycare centers in Taubate, Sao Paulo, Brazil. The sample included 752 preschoolers. Weight and height were collected in daycare centers, and the nutritional status classification was performed using z scores of Body Mass Index (zBMI). Data analysis was performed in the bivariate and multivariate manner, the latter with the inclusion of another possible risk factor. Adjustments were made for daycare centers time, sex, birth length and weight and maternal schooling. Results: The mean age of preschool children was 4.7 years, and 53.8% were boys. The prevalence of overweight children was 21.7%. The median zBMI of the children born by CD was higher than that of vaginal Delivery (p = 0.0194). The prevalence of overweight showed association with CD (p = 0.0196; PR = 1.397 with 95% CI of 1065-1831). Logistic binary multivariate regression analysis confirmed the association, even in the presence of other possible risk factors (CR: 1.580, 95% CI: 1.072-2.330). Conclusion for Practice: Birth by CD is one of the factors that are associated with the early development of overweight in preschoolers. (PsycInfo Database Record (c) 2024 APA, all rights reserved)","Journal

Peer Reviewed Journal",English,2022
99,Cesarean section and child development at 3 years: A prospective cohort study of first births in Pennsylvania. [References].,https://dx.doi.org/10.1007/s10995-022-03525-z,"Sznajder, Kristin K

Teti, Douglas

Hackman, Nicole M

Massare, Brittany

Kjerulff, Kristen H",Maternal and Child Health Journal,"Objectives: The rising cesarean birth rate globally has led to increasing concern about long-term unintended consequences, with particular focus on child neurodevelopmental outcomes. This study investigated the association between cesarean birth and early child neurodevelopment, measured at 3 years of age. Methods: This was a large multicenter longitudinal prospective cohort study of first-time mothers and their offspring in Pennsylvania. Mothers completed adapted versions of two measures of child development at 36- months postpartum: the modified Parents' Evaluation of Developmental Status (M-PEDS) and a shortened Ages and Stages Questionnaire (S-ASQ). Logistic regression models were used to assess the association between mode of delivery and delayed child development, controlling for confounding variables. Results: There were 695 (29.3%) children born by cesarean delivery and 1676 (70.7) born vaginally. Children born by cesarean had increased odds of scoring as developmentally delayed on both measures of child development: the M-PEDS (8.9% cesarean and 5.1% vaginal, adjusted odds ratio [aOR] = 1.58, 95% confidence interval [CI] = 1.11-2.24)) and the S-ASQ (6.3% cesarean and 3.3% vaginal, aOR = 1.66, 95% CI = 1.09-2.54). Additional factors associated with developmental delay were male sex, and the maternal factors of high pre-pregnancy body mass index, thyroid disorder, and diabetes. Conclusion: In this large prospective cohort study of first-time mothers and their offspring, cesarean delivery was found to be associated with an elevated risk of delayed child development at age 3 years. This analysis highlights the importance of continued research to understand the impact of cesarean delivery on child development. (PsycInfo Database Record (c) 2024 APA, all rights reserved)","Journal

Peer Reviewed Journal",English,2022
100,"The effect of the training program provided to primiparous pregnant women through the motivational interview method on their fear of childbirth, childbirth self-efficacy, and delivery mode: A randomized controlled trial. [References].",https://dx.doi.org/10.1007/s12144-022-03285-7,"Calpbinici, Pelin

Ozcirpan, Cigdem Yucel",Current Psychology: A Journal for Diverse Perspectives on Diverse Psychological Issues,"Fear of childbirth negatively affects women during pregnancy and after birth. The research was conducted to evaluate the effect of the training program provided to primiparous pregnant women through motivational interview method on fear of childbirth, childbirth self-efficacy, and delivery mode. This is a parallel-randomized controlled experimental study. ""Training Program through Motivational Interview Method for Fear of Childbirth"" was applied individually to 37 pregnant women in the intervention group, once a week, for four sessions in total while 36 in the control group did not receive any intervention other than routine hospital practices. In the collection of the research data, Introductory Information Form, the Wijma Delivery Expectancy/Experience Questionnaire (W-DEQ) Versions A and B, the Childbirth Self-Efficacy Inventory-Short Form (CBSEI-SF), and the Delivery Evaluation Form were used. It was determined that the mean W-DEQ scores of those in the intervention group obtained during the 37th to 40th weeks of gestation and postpartum were lower than those in the control group. It was found that, during the 37th to 40th weeks of gestation, the intervention group's median scores for the CBSEI-SF total score, Sub-dimension of Expectation of Outcome, and Sub-dimension of Expectation of Self-Efficacy were higher than those of in the control group. There was no significant difference between the groups regarding their delivery mode. While the training program given to primiparous pregnant women through the motivational interview method was found to have reduced the fear of childbirth and increased their childbirth self-efficacy, it had no effect on the delivery mode. (PsycInfo Database Record (c) 2024 APA, all rights reserved)","Journal

Peer Reviewed Journal",English,2023
101,Birth outcomes among women with congenital neuromuscular disabilities. [References].,https://dx.doi.org/10.1016/j.dhjo.2021.101259,"Garcia, Michelle Huezo

Parker, Samantha E

Petersen, Julie M

Rubenstein, Eric

Werler, Martha M",Disability and Health Journal,"Background: Women with disabilities are at an increased risk for adverse birth outcomes; however, research among women with congenital neuromuscular disabilities (cNMD) is limited. Objective: To describe characteristics and compare birth outcomes among women with and without cNMD. Methods: Data were from the Slone Birth Defects Study (case-control, conducted from 1976 to 2015), which collected information on demographic, reproductive, and lifestyle characteristics. cNMD included spina bifida, cerebral palsy, muscular dystrophy, contractures, or arthrogryposis and were identified by participant report. Those with cNMD were matched to participants without cNMD by interview year and study site. We use modified Poisson regression to estimate relative risks (RR) for low birthweight, macrosomia, preterm birth, and small/large-for-gestational age (SGA/LGA). Given the case-control design and overrepresentation of infants with congenital anomalies, data were weighted to reflect a 3% national prevalence of infants with congenital anomalies. Results: Women with cNMD (n = 125) were more likely to be white, nulliparous, have a cesarean section, have an unplanned pregnancy, report a pre-pregnancy BMI >= 25 kg/m2, smoke during pregnancy, and report genitourinary infections. Women with cNMD had infants with shorter gestational length (mean difference: -7.44 days, 95% CI: -13.94, -0.95) compared to women without cNMD. cNMD was associated with higher risk of preterm birth (RR = 3.98, 95% CI: 1.33, 11.95) and SGA (RR = 2.14, 95% CI: 0.74, 6.15). Conclusion: Women with cNMD were more likely to deliver preterm and have an SGA infant. These findings highlight disparities faced by women with cNMD and stress the need to provide optimal perinatal and reproductive care. (PsycInfo Database Record (c) 2024 APA, all rights reserved)","Journal

Peer Reviewed Journal",English,2022
102,Fear of childbirth postpartum and its correlation with post-traumatic stress symptoms and quality of life among women with birth complications-A cross-sectional study. [References].,https://dx.doi.org/10.1007/s00737-022-01219-7,"Grundstrom, Hanna

Malmquist, Anna

Ivarsson, Alice

Torbjornsson, Elin

Walz, Malin

Nieminen, Katri",Archives of Women's Mental Health,"The primary aim of the study was to analyze differences in post-traumatic stress symptoms (PTSS) and quality of life (QoL) between women with and without severe fear of childbirth postpartum (PP FOC). The secondary aims were to analyze the correlation between PP FOC and PTSS, and PP FOC and QoL, in women undergoing complicated childbirth. This cross-sectional study was conducted in South-East Sweden. Women aged >= 18 years who had undergone complicated childbirth (i.e., acute or emergency cesarean section, vacuum extraction, child in need of neonatal care, manual placenta removal, sphincter rupture, shoulder dystocia, or hemorrhage >= 1000 ml) were invited. Seventy-six women answered demographic questions and three validated instruments measuring PP FOC, PTSS, and QoL. The study population was divided into two sub groups: severe PP FOC or no severe PP FOC. Statistical analyses were conducted using Mann-Whitney U-test, chi-square test or Fisher's exact test, and Spearman's rank-order correlation. Severe PP FOC was reported by 29% of the women, and 18% reported PTSS indicating post-traumatic stress disorder. Women with severe PP FOC reported significantly higher levels of PTSS, and significantly lower QoL in five dimensions: physical role functioning, emotional role functioning, energy/fatigue, emotional well-being, and social functioning. There was a positive significant correlation between level of PP FOC and PTSS. There were also significant negative correlations between level of PP FOC and most of the QoL dimensions. In conclusion, almost one-third of the women with complicated childbirth reported severe PP FOC, and almost one-fifth reported PTSS indicating post-traumatic stress disorder. PP FOC correlated with PTSS and deteriorated QoL. (PsycInfo Database Record (c) 2024 APA, all rights reserved)","Journal

Peer Reviewed Journal",English,2022
103,The influence of maternal psychological distress on the mode of birth and duration of labor: Findings from the FinnBrain Birth Cohort Study. [References].,https://dx.doi.org/10.1007/s00737-022-01212-0,"Sanni, Kuuri-Riutta

Eeva, Ekholm

Noora, Scheinin M

Laura, Korhonen S

Linnea, Karlsson

Hasse, Karlsson",Archives of Women's Mental Health,"Antepartum depression, general anxiety symptoms, and pregnancy-related anxiety have been recognized to affect pregnancy outcomes. Systematic reviews on these associations lack consistent findings, which is why further research is required. We examined the associations between psychological distress, mode of birth, epidural analgesia, and duration of labor. Data from 3619 women with singleton pregnancies, from the population-based FinnBrain Birth Cohort Study were analyzed. Maternal psychological distress was measured during pregnancy at 24 and 34 weeks, using the Pregnancy-Related Anxiety Questionnaire-Revised 2 (PRAQ-R2) and its subscale ""Fear of Giving Birth"" (FOC), the anxiety subscale of the Symptom Checklist-90 (SCL-90) and the Edinburgh Postnatal Depression Scale (EPDS). Mode of birth, epidural analgesia, and labor duration were obtained from the Finnish Medical Birth Register. Maternal psychological distress, when captured with PRAQ-R2, FOC, and SCL-90, increased the likelihood of women having an elective cesarean section (OR: 1.04, 95% CI 1.01-1.06, p = .003; OR: 1.13, 95% CI 1.07-1.20, p < .001; OR: 1.06, 95% CI 1.03-1.10, p = .001), but no association was detected for instrumental delivery or emergency cesarean section. A rise in both the PRAQ-R2, and FOC measurements increased the likelihood of an epidural analgesia (OR: 1.02, 95% CI 1.01-1.03, p = .003; OR: 1.09, 95% CI 1.05-1.12, p < .001) and predicted longer second stage of labor (OR: 1.01, 95% CI 1.00-1.01, p = .023; OR: 1.03, 95% CI 1.02-1.05, p < .001). EPDS did not predict any of the analyzed outcomes. The results indicate that maternal anxiety symptoms (measured using PRAQ-R2, FOC, and SCL-90) are associated with elective cesarean section. Psychological distress increases the use of epidural analgesia, but is not associated with complicated vaginal birth. (PsycInfo Database Record (c) 2024 APA, all rights reserved)","Journal

Peer Reviewed Journal",English,2022
104,Risk factors for dual burden of severe maternal morbidity and preterm birth by insurance type in California. [References].,https://dx.doi.org/10.1007/s10995-021-03313-1,"El Ayadi, Alison M

Baer, Rebecca J

Gay, Caryl

Lee, Henry C

Obedin-Maliver, Juno

Jelliffe-Pawlowski, Laura

Lyndon, Audrey",Maternal and Child Health Journal,"Objectives: Among childbearing women, insurance coverage determines degree of access to preventive and emergency care for maternal and infant health. Maternal-infant dyads with dual burden of severe maternal morbidity and preterm birth experience high physical and psychological morbidity, and the risk of dual burden varies by insurance type. We examined whether sociodemographic and perinatal risk factors of dual burden differed by insurance type. Methods: We estimated relative risks of dual burden by maternal sociodemographic and perinatal characteristics in the 2007-2012 California birth cohort dataset stratified by insurance type and compared effects across insurance types using Wald Z-statistics. Results: Dual burden ranged from 0.36% of privately insured births to 0.41% of uninsured births. Obstetric comorbidities, multiple gestation, parity, and birth mode conferred the largest risks across all insurance types, but effect magnitude differed. The adjusted relative risk of dual burden associated with preeclampsia superimposed on preexisting hypertension ranged from 9.1 (95% CI 7.6-10.9) for privately insured to 15.9 (95% CI 9.1-27.6) among uninsured. The adjusted relative risk of dual burden associated with cesarean birth ranged from 3.1 (95% CI 2.7-3.5) for women with Medi-Cal to 5.4 (95% CI 3.5-8.2) for women with other insurance among primiparas, and 7.0 (95% CI 6.0-8.3) to 19.4 (95% CI 10.3-36.3), respectively, among multiparas. Conclusions: Risk factors of dual burden differed by insurance type across sociodemographic and perinatal factors, suggesting that care quality may differ by insurance type. Attention to peripartum care access and care quality provided by insurance type is needed to improve maternal and neonatal health. (PsycInfo Database Record (c) 2024 APA, all rights reserved)","Journal

Peer Reviewed Journal",English,2022
105,The effect of interventions in alleviating fear of childbirth in pregnant women: A systematic review. [References].,https://dx.doi.org/10.1080/02646838.2022.2059458,"Bakhteh, Azam

Jaberghaderi, Nasrin

Rezaei, Mansour

Naghibzadeh, Zahra AL-Sadat

Kolivand, Mitra

Motaghi, Zahra",Journal of Reproductive and Infant Psychology,"Background: The Fear of Childbirth (FOC) is regarded as a general problem, which affects women's health and well-being, justifying demanding caesarean section. Several primary studies have been performed in relation to the interventions performed to reduce the fear of childbirth, which show contradictions between the results of these studies. Objective: This review aims to provide a comprehensive review of the different types of interventions used to reduce the fear of childbirth in pregnant mothers. Methods: In this study, systematic review of study information related to the effect of different therapies on reducing the fear of childbirth using subject-related keywords and validated with MeSH in SID, MagIran, IranMedex, IranDoc, Embase, ProQuest, Scopus, PubMed, Web of Science (ISI) databases and Google Scholar Search Engine were extracted without any time limit until February 2021. Results: After removing duplicates and irrelevant works from among the 5396 articles found, 63 articles remained in the study. The participants in these 63 articles were 5415 cases and 5770 controls. In addition, three studies were on epidural anesthesia, 33 on the effects of psychotherapy, 19 on the effects of education, and eight on the influence of other interventions on alleviating FOC. As shown by the results, psychotherapy intervention and education decreased FOC significantly. Conclusion: According to the results of this study, to prevent the fear of childbirth, pregnancy training and prenatal preparation courses are recommended to empower pregnant women. It also seems beneficial to use psychotherapy approaches for women who are afraid of childbirth. (PsycInfo Database Record (c) 2024 APA, all rights reserved)","Journal

Peer Reviewed Journal",English,2024
106,Psychological aspects of childbirth: Evidence for a birth-related mindset. [References].,https://dx.doi.org/10.1002/ejsp.2719,"Hoffmann, Lisa

Banse, Rainer",European Journal of Social Psychology,"Psychological research on childbirth is rare, even though research from other scientific fields such as obstetrics or midwifery highlights the importance of psychological factors in childbirth. In this article, the theoretical construct of a birth-related mindset and direct and indirect measures for assessing the mindset are proposed. It is assumed that childbirth can be mentally presented as a rather natural (natural mindset) or a rather medicalized (medicalized mindset) event. In three online studies (Study 1: N = 117, Study 2: N = 206, Study 3: N = 192), we aimed to explore whether the proposed birth-related mindset is related to the retrospectively reported process of labor and birth (operationalized, e.g., by performed interventions, duration of birth, place of birth). For this, the relation between the mothers' birth-related decisions and outcomes of childbirth and the mothers' birth-related mindsets were analyzed. Results indicated that (1) birth-related criteria such as place of birth, epidural anesthesia, and C-sections were associated with the birth-related mindset, (2) these aspects of the delivery were related to the evaluation of the birth (birth experience), (3) the birth-related mindset moderated the relationship between C-section and birth experience, and (4) the indirect measures had little to no added explanatory value to the developed Mindset and Birth Questionnaire. Thus, the results indicate that the birth process experienced by the women and the mental representations of birth (birth-related mindset) are closely related. Future studies need to investigate to what extend the experienced birth process influences the mindset of birth, or the mindset the experienced birth process, or both. (PsycInfo Database Record (c) 2023 APA, all rights reserved)","Journal

Peer Reviewed Journal",English,2021
107,Association of maternal prenatal depression and anxiety with toddler sleep: The China-Anhui birth cohort study. [References].,https://dx.doi.org/10.1007/s00737-021-01200-w,"Ma, Shuangshuang

Yin, Xiaoguang

Tao, Ruixue

Jiang, Xiaomin

Xie, Jun

Li, Pei

Zhu, Daomin

Zhu, Peng",Archives of Women's Mental Health,"[Correction Notice: An Erratum for this article was reported in Vol 25(2) of Archives of Women's Mental Health (see record 2022-45206-004). The co-first author was not noted in the original manuscript. The author Shuangshuang Ma and Xiaoguang Yin contributed equally to this study, which should be marked by a special character, and stated in the manuscript. Additionally, the authors Peng Zhu and Daomin Zhu were the corresponding authors. Their equal contribution has been noted in the online manuscript, which should remain unchanged.] Maternal prenatal depression is associated with child sleep. We investigated whether maternal depression comorbid with anxiety worsens toddler's sleep problems in a prospective cohort study. A total of 1583 mother-infant pairs from the China-Anhui Birth Cohort study were examined. The participants completed the Center for Epidemiologic Studies Depression Scale (CES-D) and Self-Rating Anxiety Scale (SAS) at 30-34 weeks of gestation, and the Edinburgh Postnatal Depression Scale (EPDS) at 3-month postpartum. Toddler's sleep was assessed by the Brief Infant Sleep Questionnaire (BISQ) at 30 months old. Logistic regression models were used to investigate the associations between prenatal depression and anxiety and toddler's sleep, while adjusting for maternal gestational age, education, family income, alcohol use, premature birth, fetal growth restriction, mode of delivery, postnatal depression, and 3-month breastfeeding. In total, 9.0% of participants reported prenatal depression comorbid with anxiety symptoms, and the prevalence of depression, anxiety was 6.7% and 7.3%, respectively. Compared with mothers without depression and anxiety, maternal depression combined with anxiety were significantly associated with shorter total sleep duration (11.16 +/- 1.06 h), longer settling time (29.25 +/- 23.57 min), and higher risk of toddlers' sleep problems assessed by BISQ (OR = 2.09, 95% CI: 1.22-3.57) or parental report (OR = 1.84, 95% CI: 1.22-2.77). However, there was no significant association between maternal postnatal depression and toddler sleep behaviors. Maternal prenatal depression comorbid with anxiety significantly associated with poorer toddler's sleep. Strategies to regulate prenatal mood status should be considered during prenatal health care to improve children's sleep development. (PsycInfo Database Record (c) 2023 APA, all rights reserved)","Journal

Peer Reviewed Journal",English,2022
108,Antipsychotic use during pregnancy and risk for gestational diabetes: A national register-based cohort study in Sweden. [References].,https://dx.doi.org/10.1007/s40263-022-00908-2,"Heinonen, Essi

Forsberg, Lisa

Norby, Ulrika

Wide, Katarina

Kallen, Karin",CNS Drugs,"Objective: We aimed to study whether antipsychotic use during pregnancy is associated with gestational diabetes. Methods: This was a Swedish national register-based cohort study on the Medical Birth Register and the Prescribed Drug Register including all 1,307,487 singleton births between July 2006 and December 2017. Antipsychotics were divided into first-generation antipsychotics (n = 728), high-risk metabolic second-generation antipsychotics including olanzapine, clozapine and quetiapine (n = 1710), and other second-generation antipsychotics (n = 541). The risks for gestational diabetes, foetal growth disturbances, pre-eclampsia, caesarean section and preterm labour were assessed. Women treated during pregnancy were compared to women not treated during pregnancy and to women who used antipsychotics before/after but not during pregnancy. Results: The crude risk ratio for gestational diabetes for women treated with high-risk metabolic second-generation antipsychotics during pregnancy was 2.2 (95% confidence interval [CI] 1.6-2.9) compared to untreated pregnant women (n = 1,296,539) and 1.8 (95% CI 1.4-2.5) compared to women treated before/after pregnancy (n = 34,492). After adjustment for maternal factors including body mass index, the risk ratios were 1.8 (95% CI 1.3-2.4) and 1.6 (95% CI 1.2-2.1). Exposed infants had an increased risk of being large for gestational age: adjusted risk ratios 1.6 (95% CI 1.3-1.9) and 1.3 (95% CI 1.1-1.6) compared to no maternal antipsychotic use during pregnancy and maternal use before/after the pregnancy. Other antipsychotics were not associated with metabolic risks. Conclusions: Olanzapine, clozapine and quetiapine used during pregnancy were associated with increased risks for gestational diabetes and the infant being large for gestational age. Enhanced metabolic monitoring should be considered for pregnant women using these drugs. (PsycInfo Database Record (c) 2022 APA, all rights reserved)
Impact Statement
The use of second-generation antipsychotics amongst pregnant women is increasing. The side effects of these drugs, for example weight gain and increased blood sugar, are well described for the general population. In particular, olanzapine, quetiapine and clozapine are known to cause these effects. Studies on their effects on blood sugar control in pregnant women have however been conflicting. Pregnancy itself also imposes a risk for increased blood sugar levels and gestational diabetes. The purpose of this study was to evaluate the risk of gestational diabetes connected to the use of antipsychotics during pregnancy. The study was nationwide and register based including 1.3 million births in Sweden between July 2006 and December 2017. The rates of gestational diabetes and the infants being small for gestational age or large for gestational age amongst women treated with antipsychotics were compared to the rates in pregnant women who did not receive antipsychotics and to rates in a control group of women treated with antipsychotics before/after but not during pregnancy. Antipsychotics were divided into three groups: (i) first-generation antipsychotics, (ii) high-risk second-generation antipsychotics including olanzapine, quetiapine and clozapine, and (iii) other second-generation antipsychotics. Women treated with high-risk second-generation antipsychotics were found to have an increased risk of gestational diabetes and giving birth to an infant being large for gestational age, both when compared with untreated pregnant women and with the control group. Other antipsychotics were not connected to increased risks of these outcomes. Hence, pregnant women treated with olanzapine, quetiapine or clozapine should be monitored regarding blood sugar levels. (PsycInfo Database Record (c) 2022 APA, all rights reserved)","Journal

Peer Reviewed Journal",English,2022
109,Associations of parental and perinatal factors with subsequent risk of stress-related disorders: A nationwide cohort study with sibling comparison. [References].,https://dx.doi.org/10.1038/s41380-021-01406-5,"Li, Yuchen

Sjolander, Arvid

Song, Huan

Cnattingius, Sven

Fang, Fang

Yang, Qian

Fernandez de la Cruz, Lorena

Mataix-Cols, David

Brander, Gustaf

Li, Jiong

Zhang, Wei

Fall, Katja

D'Onofrio, Brian M

Almqvist, Catarina

Lichtenstein, Paul

Valdimarsdottir, Unnur A

Lu, Donghao",Molecular Psychiatry,"Little is known about the contribution of pregnancy-related parental and perinatal factors to the development of stress-related disorders. We aimed to investigate whether parental/perinatal adversities entail higher risks of stress-related disorders in the offspring, later in life, by accounting for genetic and early environmental factors. Based on the nationwide Swedish registers, we conducted a population-based cohort study of 3,435,747 singleton births (of which 2,554,235 were full siblings), born 1973-2008 and survived through the age of 5 years. Using both population- and sibling designs, we employed Cox regression to assess the association between parental and perinatal factors with subsequent risk of stress-related disorders. We identified 55,511 individuals diagnosed with stress-related disorders in the population analysis and 37,433 in the sibling analysis. In the population-based analysis we observed increased risks of stress-related disorders among offspring of maternal/paternal age <25, single mothers, parity >=4, mothers with BMI >= 25 or maternal smoking in early pregnancy, gestational diabetes, and offspring born moderately preterm (GA 32-36 weeks), or small-for-gestational-age. These associations were significantly attenuated toward null in the sibling analysis. Cesarean-section was weakly associated with offspring stress-related disorders in population [hazard ratio (HR) 1.09, 95% confidence interval (CI) 1.06-1.12] and sibling analyses (HR 1.10, 95% CI 1.02-1.20). Our findings suggest that most of the observed associations between parental and perinatal factors and risk of stress-related disorders in the population analysis are driven by shared familial environment or genetics, and underscore the importance of family designs in epidemiological studies on the etiology of psychiatric disorders. (PsycInfo Database Record (c) 2022 APA, all rights reserved)","Journal

Peer Reviewed Journal",English,2022
110,Trait anxiety and unplanned delivery mode enhance the risk for childbirth-related posttraumatic stress disorder symptoms in women with and without risk of preterm birth: A multi sample path analysis. [References].,https://dx.doi.org/10.1371/journal.pone.0256681,"Sommerlad, Sarah

Schermelleh-Engel, Karin

La Rosa, Valentina Lucia

Louwen, Frank

Oddo-Sommerfeld, Silvia",PLoS ONE,"Childbirth-related post-traumatic stress disorder (CB-PTSD) occurs in 3-7% of all pregnancies and about 35% of women after preterm birth (PTB) meet the criteria for acute stress reaction. Known risk factors are trait anxiety and pain intensity, whereas planned delivery mode, medical support, and positive childbirth experience are protective factors. It has not yet been investigated whether the effects of anxiety and delivery mode are mediated by other factors, and whether a PTB-risk alters these relationships. 284 women were investigated antepartum and six weeks postpartum (risk-group with preterm birth (RG-PB) N = 95, risk-group with term birth (RG-TB) N = 99, and control group (CG) N = 90). CB-PTSD symptoms and anxiety were measured using standardized psychological questionnaires. Pain intensity, medical support, and childbirth experience were assessed by single items. Delivery modes were subdivided into planned vs. unplanned delivery modes. Group differences were examined using MANOVA. To examine direct and indirect effects on CB-PTSD symptoms, a multi-sample path analysis was performed. Rates of PTS were highest in the RG-PB = 11.58% (RG-TB = 7.01%, CG = 1.1%). MANOVA revealed higher values of CB-PTSD symptoms and pain intensity in RG-PB compared to RG-TB and CG. Women with planned delivery mode reported a more positive birth experience. Path modeling revealed a good model fit. Explained variance was highest in RG-PB (R2 = 44.7%). Direct enhancing effects of trait anxiety and indirect reducing effects of planned delivery mode on CB-PTSD symptoms were observed in all groups. In both risk groups, CB-PTSD symptoms were indirectly reduced via support by medical staff and positive childbirth experience, while trait anxiety indirectly enhanced CB-PTSD symptoms via pain intensity in the CG. Especially in the RG-PB, a positive birth experience serves as protective factor against CB-PTSD symptoms. Therefore, our data highlights the importance of involving patients in the decision process even under stressful birth conditions and the need for psychological support antepartum, mainly in patients with PTB-risk and anxious traits. Trial registration number: NCT01974531 (ClinicalTrials.gov identifier). (PsycInfo Database Record (c) 2022 APA, all rights reserved)","Journal

Peer Reviewed Journal",English,2021
111,Adverse perinatal outcomes predicted by prenatal maternal stress among U.S. women at the COVID-19 pandemic onset. [References].,https://dx.doi.org/10.1093/abm/kaab005,"Preis, Heidi

Mahaffey, Brittain

Pati, Susmita

Heiselman, Cassandra

Lobel, Marci",Annals of Behavioral Medicine,"Background: High stress prenatally contributes to poor maternal and infant well-being. The coronavirus disease 2019 (COVID-19) pandemic has created substantial stress for pregnant women. Purpose To understand whether stress experienced by women pregnant at the beginning of the pandemic was associated with a greater prevalence of adverse perinatal outcomes. Methods: Pregnant women across the USA aged >=18 years old enrolled in a prospective cohort study during the pandemic onset (T1) in April-May 2020. This report focuses on the 1,367 participants who gave birth prior to July-August 2020 (T2). Hierarchical logistic regression models predicted preterm birth, small for gestational age infants, and unplanned operative delivery from T1 stress, sociodemographic, and medical factors. Results: After controlling for sociodemographic and medical factors, preterm birth was predicted by high prenatal maternal stress, delivering an infant small for gestational age was predicted by interpersonal violence and by stress related to being unprepared for birth due to the pandemic, and unplanned cesarean or operative vaginal delivery was predicted by prenatal appointment alterations, experiencing a major stressful life event, and by stress related to being unprepared for birth due to the pandemic. Independent of these associations, African American women were more likely than other groups to deliver preterm. Conclusion: Pregnant women who are experiencing high stress during the COVID-19 pandemic are at risk of poorer perinatal outcomes. A longitudinal investigation is critical to determine whether prenatal maternal stress and resulting outcomes have longer-term consequences for the health and well-being of children born in the midst of the current pandemic. Pregnant women who experienced greater stress during the COVID-19 pandemic onset were more likely to have a preterm birth, to deliver a small-for-gestational-age infant, and to have an unplanned operative delivery. (PsycInfo Database Record (c) 2022 APA, all rights reserved)","Journal

Peer Reviewed Journal",English,2021
112,"Effects of antenatal education on fear of birth, depression, anxiety, childbirth self-efficacy, and mode of delivery in primiparous pregnant women: A prospective randomized controlled study. [References].",https://dx.doi.org/10.1177/1054773820916984,"Cankaya, Seyhan

Simsek, Bulent",Clinical Nursing Research,"The purpose of this study was to investigate the effects of antenatal education on birth fear, depression, anxiety, stress, childbirth self-efficacy, and mode of delivery in primiparous pregnant women. This is a single-blind, prospective, randomized controlled trial, in which we applied the Consolidated Standards of Reporting Trials (CONSORT) statement. The study was conducted in a city in Turkey's Central Anatolia region, and the data collection process was made between April and September 2019. One hundred and twenty primiparous pregnant women were assigned to either the antenatal education group (n = 60) or the control group (n = 60) via randomized block assignment. A total of 112 women were evaluated at the end of the study. Pregnant women in the antenatal education group were given two 2-hr sessions (240 min) twice a week for 4 weeks. It was found that those in the antenatal education group had less birth fear, depression, anxiety, and stress symptoms and increased childbirth self-efficacy compared to controls (p < 0.05). Those in the antenatal education group had significantly lower postnatal birth fear, depression, anxiety, and stress symptoms compared to controls (p < 0.001). More vaginal births occurred in the antenatal education group compared to controls (p = 0.043). According to the outcome of this evidence-based study: antenatal education has important clinical benefits for women both during pregnancy and in the postpartum period and all pregnant women should receive this education. (PsycInfo Database Record (c) 2022 APA, all rights reserved)","Journal

Peer Reviewed Journal",English,2021
113,Association of prenatal substance use disorders with pregnancy and birth outcomes following bariatric surgery. [References].,https://dx.doi.org/10.1038/s41366-021-00964-6,"Kim, Jaewhan

Davidson, Lance

Hunt, Steven

Richards, Nathan

Adams, Ted",International Journal of Obesity,"Background/Objectives: While an increased risk for substance use disorders (SUD) and also for several adverse pregnancy and birth outcomes in patients who have undergone bariatric surgery have been well documented when considered separately, an association between these important risk factors has not been investigated. This study explored the potential dependence of these two bariatric surgery-related risks. Subjects/Methods: This study was a retrospective cohort study with adult women (18-45) who underwent bariatric surgery between 1996 and 2016 and who gave birth after surgery between 1996 and 2018. The study population consisted of 1849 post-bariatric surgery women with 3010 reported post-surgical births. Subjects with post-surgical, prenatal SUD were identified based on diagnosis codes extracted within the 10 months prior to delivery. Using random-effects logistic regression with retrospective cohort data, preterm birth, low birth weight, macrosomia, Caesarian delivery, congenital anomalies, and neonatal intensive care unit admission were considered as outcomes. Results: About 10% (n = 289) of women had an SUD diagnosis within 10 months prior to child delivery. Women with SUD during pregnancy had significantly more pregnancy and birth complications compared to women without SUD: preterm birth (OR = 2.08, p = 0.03, 95% CI: 1.07-4.03), low birth weight (OR = 3.41, p < 0.01, 95% CI: 1.99-5.84), Caesarian delivery (OR = 9.71, p < 0.01, 95% CI: 2.69-35.05), and neonatal intensive care unit admission (OR = 3.87, p < 0.01, 95% CI: 2.04-7.34). Women with SUD had lower risk for macrosomia than women without SUD (OR = 0.07, p = 0.02, 95% CI: 0.01-0.70). Conclusion: Results from this study demonstrated that post-bariatric surgery women who had SUD during pregnancy had significantly more pregnancy- and birth-related complications than post-surgery pregnant women without SUD, despite the reduction in macrosomia. Where possible, greater prenatal surveillance of post-surgery women with SUD should be considered. (PsycInfo Database Record (c) 2022 APA, all rights reserved)","Journal

Peer Reviewed Journal",English,2022
114,"Intraoperative pain during caesarean delivery: Incidence, risk factors and physician perception. [References].",https://dx.doi.org/10.1002/ejp.1856,"Keltz, Amir

Heesen, Philip

Katz, Daniel

Neuman, Ido

Morgenshtein, Anna

Azem, Karam

Binyamin, Yair

Hadar, Eran

Eidelman, Leonid A

Orbach-Zinger, Sharon",European Journal of Pain,"Background: Intraoperative pain is a possible complication of neuraxial anaesthesia for caesarean delivery. There is little information available about its incidence, risk factors and physician perception. Methods: Parturients undergoing spinal anaesthesia for elective caesarean delivery were enrolled. Before surgery, parturients were asked about preoperative anxiety on a verbal numerical scale (VNS), anticipated analgesic requirement, postoperative pain levels, Spielberger STATE-TRAIT inventory index, Pain Catastrophizing Scale. After surgery, parturients were asked to answer questions (intraoperative VNS pain). The anaesthesiologist and obstetrician were asked to fill out a questionnaire asking about perceived intraoperative pain. Influence of preoperative anxiety on intraoperative pain (yes/no) was assessed using logistic regression. Mc Fadden's R2 was calculated. The agreement in physician perception of intraoperative pain with reported pain by the parturient was examined by calculating Cohen's kappa and 95% Confidence Intervals (CI). Results: We included 193 parturients in our analysis. Incidence of intraoperative pain was 11.9%. Median intraoperative VNS pain of parturients with pain was 4.0 (1st quartile 4.0; 3rd quartile 9.0). Preoperative anxiety was not a good predictor of intraoperative pain (p-value of beta-coefficient = 0.43, Mc Fadden's R2 = 0.01). Including further preoperative variables did not result in a good prediction model. Cohen's kappa between reported pain by parturient and by the obstetrician was 0.21 (95% CI: 0.01, 0.41) and by the anaesthesiologist was 0.3 (95% CI: 0.12, 0.48). Conclusions: We found a substantial incidence (11.9%) of intraoperative pain during caesarean delivery. Preoperative anxiety did not predict intraoperative pain. Physicians did not accurately identify parturients' intraoperative pain. Significance: Intraoperative pain occurred in 11.9% and severe intraoperative pain occurred in 1.11% of parturients undergoing elective caesarean delivery under spinal anaesthesia. We did not find any preoperative variables that could reliably predict intraoperative pain. Obstetricians and anaesthesiologists underestimated the incidence of intraoperative pain in our cohort and thus, more attention must be put to parturients' pain. (PsycInfo Database Record (c) 2025 APA, all rights reserved)","Journal

Peer Reviewed Journal",English,2022
115,Cesarean section rate and perinatal outcome analyses according to Robson's 10-group classification system. [References].,https://dx.doi.org/10.1007/s10995-021-03183-7,"Eftekharian, Christabel

Husslein, Peter Wolf

Lehner, Rainer",Maternal and Child Health Journal,"Objectives: The cesarean delivery (CD) rate is increasing worldwide. An internationally recognized classification system had been required to analyse the trend and its possible consequences in a standardized manner. The goal of this study was to identify the main contributors to the CD rate at the Medical University of Vienna in an 11-year time period (2003-2013) and to analyse neonatal outcome parameters within the ten Robson categories. Methods: This is a retrospective data-analysis of singleton and twin pregnancies in cephalic, breech and transverse presentation with a gestational age between 23 and 42 weeks. The cases were divided into ten classes based on the Robson criteria. CD rates and perinatal outcome parameters were analysed within each Robson class. The outcome parameters included: NICU-admission rate and 5 min Apgar score values < 7. Results: The overall CD rate was at 44.2%. Within Robson class 5 the CD rate was the highest at 99.1%. Main contributors were Robson class 5 at 20.6%, followed by class 2 at 17.1% and class 8 at 15.0%. Neonatal outcome analyses revealed significant differences between the Robson classes. Conclusions: The main contributors to the CD rate were determined. We suggest reconsidering the frequently applied birth mode especially for Robson class 2, 4, 5 and 8. Lowering the CD rate could be achievable, if a careful delivery management and an individual risk evaluation is provided. It is important to reduce the CD rate in the individual Robson classes under consideration of perinatal outcome parameters, since a reduction should only take place where it is clinically useful and relevant. (PsycInfo Database Record (c) 2024 APA, all rights reserved)","Journal

Peer Reviewed Journal",English,2021
116,Characteristics of women receiving emergency caesarean section: A cross-sectional analysis from Ghana and Dominican Republic. [References].,https://dx.doi.org/10.1007/s10995-021-03290-5,"Adu-Bonsaffoh, Kwame

Tuncalp, Ozge

Castro, Arachu",Maternal and Child Health Journal,"Background: Significant inequalities still exist between low- and high-income countries regarding access to optimum emergency obstetric care including life-saving emergency caesarean section. These relationships are considerably stronger between population-based caesarean section rates and socio-economic characteristics with poorest households experiencing significant unmet needs persistently. Objective: To explore the characteristics of women receiving emergency C-section using a new, validated definition in Ghana and the Dominican Republic. Materials and Methods: This was a cross-sectional study conducted in Ghana and the Dominican Republic. Multivariable logistic regression analysis was used to determine women's characteristics associated with emergency C-section. Results: This analysis included 2166 women who had recently delivered via C-section comprising 653 and 1513 participants from Accra and Santo Domingo, DR, respectively. Multivariable analyses showed that women, both in Ghana and the DR, were more likely to have an emergency C-section if they did not have a previous C-Section (adjusted Odds Ratio (aOR): 2.45, 95% CI [1.57-3.81]; and aOR: 15.5, 95% CI [10.5-22.90], respectively) and if they were having their first childbirth, compared to women with previous childbirth (aOR: 1.77, 95%CI [1.13-2.79]; and aOR: 1.46, 95%CI [1.04-2.04], respectively). Also, preterm birth was associated with significantly decreased likelihood of emergency C-section compared with childbirth occurring at term in both Ghana and the DR (aOR: 0.31, 95%CI [0.20-0.48]; and aOR: 0.43, 95%CI [0.32-0.58], respectively). Among the Ghanaian participants, having an emergency C-section was positively associated with being referred and negatively associated with being older than 35 years of age. Characteristics such as education, religion, marital status, and residence did not differ between women's emergency versus non-emergency C-section status. Conclusion: Emergency C-section was found to be significantly higher in women with no prior C-section or those having their first births but lower in those with preterm birth in both Ghana and the DR. Data from additional countries are needed to confirm the relationship between emergency C-section status and socio-economic and obstetric characteristics, given that the types of interventions required to assure equitable access to potentially life-saving C-section will be determined by how and when access to care is being denied or not available. (PsycInfo Database Record (c) 2024 APA, all rights reserved)","Journal

Peer Reviewed Journal",English,2022
117,A study on sexual functioning and depression in Iranian women following cesarean hysterectomy due to placental abnormality after 3-6 months. [References].,https://dx.doi.org/10.1080/03630242.2021.1917481,"Ghotbizadeh, Fahimeh

Hantoushzadeh, Sedigheh

Borna, Sedigheh

Khazardoost, Soghra

Panahi, Zahra

Ghamari, Azin

Dehghani, Atefeh

Raisi, Firoozeh",Women & Health,"This study aims to investigate the prevalence of depression and impaired sexual function following the hysterectomy in Iran. This study was performed as a retrospective cohort study, from August 2017 to August 2018. Fifty-two patients with a cesarean hysterectomy and 52 with cesarean section were considered as the cases and controls, respectively. Depression and sexual function were assessed 3-6 months following the surgery in both cases and controls. Depression was evaluated by using Beck Depression Inventory (BDI) questionnaire-II-Persian. Sexual function was assessed using the Female Sexual Function Index (FSFI). The average BDI in cases was 15.37 +/- 7.6 and in controls was 13.06 +/- 6.7. Mild to moderate depression was detected 57.3 percent of whom with hysterectomy and 36.5 percent of whom with C/S, the BDI sum score did not differ significantly between cases and controls (p = .096). The FSFI in cases was 20.06 +/- 6.96, and controls was 21.7 +/- 9.83 without any significant difference (p = .364). The depression had not been significantly different between women who underwent hysterectomy and were not following 3-6 months after surgery. Furthermore, both groups had impaired sexual function after the surgery. (PsycInfo Database Record (c) 2023 APA, all rights reserved)","Journal

Peer Reviewed Journal",English,2021
118,Maternal suicide attempts and deaths in the first year after cesarean delivery. [References].,https://dx.doi.org/10.1017/S0033291721005109,"Zhang, Tianyang

Mantel, Angla

Runeson, Bo

Sidorchuk, Anna

Ruck, Christian

Stephansson, Olof

Larsson, Henrik

Chang, Zheng

Mataix-Cols, David

de la Cruz, Lorena Fernandez",Psychological Medicine,"Background: Cesarean delivery (CD) has been associated with postpartum psychiatric disorders, but less is known about the risk of suicidal behaviors. We estimated the incidence and risk of suicide attempts and deaths during the first postpartum year in mothers who delivered via CD v. vaginally. Method: All deliveries in Sweden between 1973 and 2012 were identified. The mothers were followed since delivery for 12 months or until the date of one of the outcomes (i.e. suicide attempt or death by suicide), death by other causes or emigration. Associations were estimated using Cox proportional hazards regression models. Results: Of 4 016 789 identified deliveries, 514 113 (12.8%) were CDs and 3 502 676 (87.2%) were vaginal deliveries. During the 12-month follow-up, 504 (0.098%) suicide attempts were observed in the CD group and 2240 (0.064%) in the vaginal delivery group (risk difference: 0.034%), while 11 (0.0037%) deaths by suicide were registered in the CD group and 109 (0.0029%) in the vaginal delivery group (risk difference: 0.008%). Compared to vaginal delivery, CD was associated with an increased risk of suicide attempts [hazard ratio (HR) 1.46; 95% CI 1.32-1.60], but not of deaths by suicide (HR 1.44; 95% CI 0.88-2.36). Conclusions: Maternal suicidal behaviors during the first postpartum year were uncommon in Sweden. Compared to vaginal delivery, CD was associated with a small increased risk of suicide attempts, but not death by suicide. Improved understanding of the association between CD and maternal suicidal behaviors may promote more appropriate measures to improve maternal mental well-being and further reduce suicidal risks. (PsycInfo Database Record (c) 2023 APA, all rights reserved)","Journal

Peer Reviewed Journal",English,2023
119,Childbirth experiences among women with fear of birth randomized to internet-based cognitive therapy or midwife counseling. [References].,https://dx.doi.org/10.1080/0167482X.2019.1634047,"Hildingsson, Ingegerd

Rubertsson, Christine",Journal of Psychosomatic Obstetrics & Gynecology,"Background: Although women with fear of birth often report negative birth experiences, few studies have focused on their experiences in the long term. The aim of this study was to compare birth experiences a year after childbirth in two groups of women receiving treatment for experiencing fear of birth during pregnancy. Methods: As part of the U-CARE: Pregnancy Trial, a prospective multicenter randomized controlled trial comparing the effects of internet-based cognitive behavioral therapy (iCBT) and standard care among pregnant women with fear of birth. Women were recruited at three Swedish hospitals following a screening procedure that assessed their fear of birth. Data were collected online with the Childbirth Experience Questionnaire (CEQ), one question about the overall birth experience, and questions about personal background, collected before randomization. Results: A total of 181 women responded to the follow-up questionnaire a year after childbirth. Approximately half of participants reported a less positive birth experience. Preferred mode of birth, actual mode of birth, marital status and psychiatric history were associated with the domains of the CEQ. However, no statistically significant differences emerged between the treatment groups. Conclusions: Being randomized to receive iCBT or counseling with midwives for fear of birth was not associated with perceptions of the birth experience assessed a year after birth. Most participants reported less-than-positive birth experiences and scored low on the domain of the CEQ reflecting Own capacity. In response, additional research remains necessary to identify the best model of care that might facilitate positive experiences with giving birth among women with fear of birth. (PsycInfo Database Record (c) 2021 APA, all rights reserved)","Journal

Peer Reviewed Journal",English,2020
120,The role of personality traits on mode of delivery. [References].,https://dx.doi.org/10.1080/0167482X.2021.1879045,"Okten, Sabri Berkem

Gunduz, Anil

Sencelikel, Tugce

Desteli, Guldeniz

Usta Gunduz, Elvan Basak

Bildaci, Tevfik Berk",Journal of Psychosomatic Obstetrics & Gynecology,"Purpose: The aim of this study is to understand the motives behind CS requests in nulliparous women in their late pregnancy better and to investigate if specific personality traits affect the maternal decision on mode of delivery. Material and Method: This prospective study was conducted with 70 healthy, nulliparous parturient with singleton pregnancies. Women at their 28-32. weeks of gestation were asked to fill a socio-demographic data form and the questionnaires; Personality Belief Questionnaire-Short Form (PBQ-SF) and The Childbirth Attitudes Questionnaire (CAQ). After delivery, all the results of pre-filled questionnaires and women's mode of delivery were analyzed and compared. Results: There were significant differences in personality types; dependent (p = 0.033), passive-aggressive (p = 0.031), obsessive-compulsive (p = 0.001), antisocial (p = 0.014), narcissistic (p = 0.014) and borderline (p = 0.014) between vaginal delivery and CS groups. The CAQ scores of the mothers who requested CS were significantly higher (p:0.007). Weak but significant positive relation was found between total CAQ scores and avoidant (p = 0.022), dependent (p = 0.034), passive-aggressive (p = 0.040), narcissistic (p = 0,006), schizoid (p = 0.007), paranoid (p = 0.007) and borderline (p = 0.007) personality types. Conclusion: This is the first study that investigates the relationship between mode of delivery and personality traits according to the Diagnostic and Statistical Manual of Mental Disorders (DSM) and cognitive behavioral perspective in the literature. These personality traits can be carried at a level that is not clinically significant to create an obvious pathology, yet they might play a role as the motives behind the apparent reasons for women who request CS. Understanding women's motives and attitudes for childbirth during their pregnancy may help healthcare providers to tailor women's approach to childbirth to avoid unnecessary CS. (PsycInfo Database Record (c) 2024 APA, all rights reserved)","Journal

Peer Reviewed Journal",English,2022
121,'Be kind to yourself-Because you're doing fine': Using self-determination theory to explore the health-related experiences of primiparous women participating in a co-active life coaching intervention. [References].,https://dx.doi.org/10.1080/17521882.2018.1545137,"Harvey, J

Pearson, E. S

Mantler, T

Gotwals, J. K","Coaching: An International Journal of Theory, Research and Practice","The postpartum period is a vulnerable time for the onset of excess weight, especially in primiparous (first-time) mothers. Co-Active Life Coaching (CALC) is a cognitive behavioural technique that has shown utility for enhancing health in populations with obesity. While the Co-Active model has been grounded in Self-Determination Theory (SDT), no empirical studies have investigated CALC as it relates to the fulfilment of SDT's basic psychological needs (autonomy, competence, and relatedness). Using this theoretical lens, the purpose of this study was to explore qualitatively the experiences of primiparous women participating in a telephone-based CALC intervention. Nine first-time mothers engaged in eight-weekly sessions delivered by Certified Professional Co-Active Coaches. Semi-structured interviews were conducted following the intervention and analyzed using deductive thematic content analysis. Several detractors from (e.g., motherhood-specific challenges) and supporters of (e.g., being kind to oneself) SDT's basic psychological needs were discussed in the context of health behaviour change. The coaching relationship and delivery mode were deemed especially helpful (e.g., providing a need-supportive environment, facilitating accountability). When provided by telephone, this coaching style may be a useful health promotion tool for primiparous mothers: a population with unpredictable schedules and multifaceted responsibilities. A larger sample size with a longer follow-up period is now recommended. (PsycInfo Database Record (c) 2025 APA, all rights reserved)","Journal

Peer Reviewed Journal",English,2020
122,"Pregnancy outcomes among visually impaired women in Washington state, 1987-2014. [References].",https://dx.doi.org/10.1016/j.dhjo.2020.101057,"Schiff, Melissa A

Doody, David R

Crane, Deborah A

Mueller, Beth A",Disability and Health Journal,"Background: Women with visual impairment may have reduced ability to access standard care resources, however, information on their pregnancy and neonatal outcomes is limited. Objective: To assess risk of adverse pregnancy and neonatal outcomes among visually impaired women in Washington State from 1987 to 2014. Methods: We conducted a retrospective cohort study using linked Washington State birth/fetal death hospital discharge records to compare outcomes among women with and without visual impairment noted at their delivery hospitalization. Pregnancy conditions and outcomes evaluated included gestational diabetes, pre-eclampsia, labor induction and cesarean delivery. Neonatal outcomes included preterm delivery and birth weight < 2500 g. We assessed length of maternal and infant delivery hospitalization. We performed Poisson regression to estimate relative risks (RR) and 95% confidence intervals (CIs) for each outcome, adjusting for year of delivery, maternal age, and parity. Results: Most adverse pregnancy and neonatal outcomes were similar for visually impaired (N = 232) and comparison women (N = 2362). However, visually impaired women had increased risks of severe pre-eclampsia (RR 3.77, 95% CI 1.69-8.43), labor induction (RR 1.33, 95% CI 1.10-1.61) and preterm delivery (RR 1.60, 95% CI 1.06-2.42). They were also more likely to have delivery hospitalizations of 3 or more days following a vaginal (RR 1.86, 95% CI 1.41-2.47). Among cesarean deliveries, infants of visually impaired women had increased risk (RR 1.24, 95% CI 1.02-1.51) of hospitalization for 3 or more days postpartum. Conclusion: Our findings may be useful for obstetric providers in counseling their visually impaired patients. (PsycInfo Database Record (c) 2023 APA, all rights reserved)","Journal

Peer Reviewed Journal",English,2021
123,A review of prenatal HIV screening practices among physicians at a tertiary care center in Lebanon: Is it culture? [References].,https://dx.doi.org/10.1080/09540121.2020.1861180,"Daou, Christophe Abi Zeid

Rizk, Nesrine

Mirza, Fadi G

Lakissian, Zavi

Banat, Rim

Chahine, Elsa

Sharara-Chami, Rana",AIDS Care,"HIV remains one of the major causes of mortality and morbidity among women of reproductive age; given the risk of vertical transmission to the fetus, timely prevention, monitoring and management are imperative (Melaku et al. [2014]. Causes of death among females-investigating beyond maternal causes: A community-based longitudinal study. BMC Research Notes, 7(1), 629. https://doi.org/10.1186/1756-0500-7-629). Most HIV studies in Lebanon focus on men who have sex with men, people diagnosed with sexually transmitted infections, intravenous (IV) drug users, and people infected by blood transfusion products Ministry of Public Health [2017]. National AIDS Control Program in Lebanon. https://www.moph.gov.lb/en/Pages/2/4000/aids#/en/Pages/2/4000/aids; Shaheen [2014]. Around 3,750 HIV/AIDS cases in Lebanon. The Daily Star. https://www.dailystar.com.lb/News/Lebanon-News/2014/Dec-02/279570-around-3750-hivaidscases-in-lebanon.ashx). We conducted a retrospective review of women who delivered at a tertiary academic hospital in Beirut between January 2016-Decemeber 2017 to assess prenatal HIV screening practices. In total, 1500 charts were randomly selected and reviewed: 137 (9%) women were screened for HIV, 2 (1.5%) tested positive. Odds rations were calculated for screening in relation to religion, parity, previous abortions, and mode of delivery: none were significant. No one was tested for Gonorrhoea and Chlamydia; 1250 (93.8%) were tested for Hepatitis B, 27 (1.9%) for Hepatitis C, 7 (0.5%) for HSV and, 74(5.3%) for Syphilis. Barriers to screening may include: Lack of consensus on mandated screening policy, HIV stigma, physician and patient prejudice and misconception of risk and, financial barriers as health insurance does not cover HIV screening. (PsycInfo Database Record (c) 2023 APA, all rights reserved)","Journal

Peer Reviewed Journal",English,2021
124,"Emergency C-section, maternal satisfaction and emotion regulation strategies: Effects on PTSD and postpartum depression symptoms. [References].",https://dx.doi.org/10.1080/02646838.2020.1793308,"Deninotti, Julie

Denis, Anne

Berdoulat, Emilie",Journal of Reproductive and Infant Psychology,"Objective: This cross-sectional study aimed to investigate the relationship between a mother's current emotion regulation strategy (antecedent-focused vs. response-focused), her satisfaction with childbirth, and posttraumatic and/or depressive symptoms after unplanned C-section. Background: The mother's and baby's health is considered a priority during childbirth. As a result, situations in which an unplanned C-section is required may not allow mothers to express their needs and emotions. This may lead to feelings of dissatisfaction regarding the childbirth experience. Methods: Fifty French participants aged 18-35 (M = 27.10; S. D. = 3.99) who had a C-section were recruited on social networking groups and completed four self-report measures online, up to two years after childbirth. These measures assessed emotion regulation strategies currently used, birth satisfaction, postpartum depression symptoms and PTSD symptoms. Results: Main results indicate (1) Mothers who use expressive suppression, a response-focused strategy, are less satisfied with childbirth. (2) Emotion regulation, when combined with maternal satisfaction, shows a negative association with posttraumatic stress score and depression score. Conclusion: This study provides interesting data for further research. Follow-up studies about emotion regulation, postpartum depression and posttraumatic stress symptoms should be conducted in the future in order to provide clinical recommendations. (PsycInfo Database Record (c) 2023 APA, all rights reserved)","Journal

Peer Reviewed Journal",English,2020
125,Association of mood and anxiety disorders and opioid prescription patterns among postpartum women. [References].,https://dx.doi.org/10.1111/ajad.13028,"Nidey, Nichole

Carnahan, Ryan

Carter, Knute D

Strathearn, Lane

Bao, Wei

Greiner, Andrea

Jelliffee-Pawlowski, Laura

Tabb, Karen M

Ryckman, Kelli",The American Journal on Addictions,"Background and Objectives: Postpartum women represent a large population with opioid exposure who also have an increased risk of experiencing mood and anxiety disorders. However, the effect that mood and anxiety disorders have on opioid use postpartum has received little attention in the literature. Therefore, the objective of this study was to examine the association of mood and anxiety disorders with filling opioid prescriptions within the first 3 months postpartum. Methods: A retrospective cohort study (n = 25 279) was completed using claims data for a sample of privately insured women who gave birth in the state of Iowa. The interactive effects of mood and anxiety disorders and delivery mode on filling at least one and two or more opioid prescriptions were examined in logistic regression models. Results: The presence of mood and anxiety disorders among women who delivered vaginally increased their odds of filling at least one opioid fill by nearly 50% (odds ratio [OR]: 1.48, 95% confidence interval [CI]: 1.35-1.63) and by 20% (OR: 1.20, 95% CI: 1.00-1.43) among women with cesarean delivery. Discussion and Conclusion: Postpartum women with mood and anxiety disorders were more likely to fill opioid prescriptions postpartum compared to women without these conditions. Scientific Significance: This study extends prior research by examining the intersection of risk of mood and anxiety disorders and opioid use postpartum. Findings from this study support the need for future research to identify the drivers of increased opioid use among postpartum women with mood and anxiety disorders. (PsycInfo Database Record (c) 2022 APA, all rights reserved)","Journal

Peer Reviewed Journal",English,2020
126,The incidence of chronic pain following Cesarean section and associated risk factors: A cohort of women followed up for three months. [References].,https://dx.doi.org/10.1371/journal.pone.0238634,"Borges, Natalia Carvalho

de Deus, Jose Miguel

Guimaraes, Rafael Alves

Conde, Delio Marques

Bachion, Maria Marcia

de Moura, Louise Amalia

Pereira, Lilian Varanda",PLoS ONE,"Background: Chronic post-surgical pain (CPSP) is one of the post-surgical complications of a Cesarean section. Despite the high rates of Cesarean section worldwide, the incidence of CPSP and the risk factors for this condition remain relatively unknown. The objective of this study was to calculate the incidence of CPSP in women submitted to Cesarean section and to analyze the associated risk factors. Materials and methods: A prospective cohort of 621 women undergoing Cesarean section was recruited preoperatively. Potential presurgical (sociodemographic, clinical and lifestyle-related characteristics) and post-surgical risk factors (the presence and intensity of pain) risk factors were analyzed. Pain was measured at 24 hours and 7, 30, 60 and 90 days after surgery. Following discharge from hospital, data were collected by telephone. The outcome measure was self-reported pain three months after a Cesarean section. The risk factors for chronic pain were analyzed using the log-binomial regression model (a generalized linear model). Results: A total of 462 women were successfully contacted 90 days following surgery. The incidence of CPSP was 25.5% (95%CI: 21.8-29.7). Risk factors included presurgical anxiety (adjusted relative risk [RR] 1.03; 95%CI: 1.01-1.05), smoking (adjusted RR 2.22; 95%CI: 1.27-3.88) and severe pain in the early postoperative period (adjusted RR 2.79; 95%CI: 1.29-6.00). Conclusion: One in four women submitted to Cesarean section may develop CPSP; however, the risk factors identified here are modifiable and preventable. Preventive strategies directed towards controlling anxiety, reducing smoking during pregnancy and managing pain soon after hospital discharge are recommended. (PsycInfo Database Record (c) 2022 APA, all rights reserved)","Journal

Peer Reviewed Journal",English,2020
127,Preferred and actual mode of delivery in relation to fear of childbirth. [References].,https://dx.doi.org/10.1080/0167482X.2019.1708319,"Sluijs, Anne-Marie

Wijma, Klaas

Cleiren, Marc P. H. D

van Lith, Jan M. M

Wijma, Barbro",Journal of Psychosomatic Obstetrics & Gynecology,"Purpose: This prospective cohort study aimed to investigate the interrelation between preferred/actual mode of delivery and pre- and postpartum fear of childbirth (FOC). Material and methods: Participants from 13 midwifery practices and four hospitals in Southwest Netherlands filled out questionnaires at 30 weeks' gestation (n = 561) and two months postpartum (n = 463), including questions on preferred mode of delivery, the Wijma Delivery Expectancy/Experience Questionnaire (W-DEQ) and Hospital Anxiety Depression Scale (HADS). Results were related to obstetric data. Results: Both severe FOC (OR 7.0, p < .001) and previous Cesarean section (CS) (OR 16.6, p < .001) predicted preference for CS. Severe prepartum FOC also predicted actual CS. Preferring a vaginal delivery (VD) and actually having a CS predicted higher postpartum W-DEQ scores (partial r = 0.107, p < .05). Other significant predictors for high postpartum W-DEQ scores were high prepartum W-DEQ (partial r = 0.357) and HADS anxiety scores (partial r = 0.143) and the newborn in need of medical assistance (partial r = -0.169). Conclusions: Women preferring a VD but ending up with a CS are at risk for severe FOC postpartum, while the same risk was not demonstrated for women who preferred a CS but had a VD. Prepartum FOC is strongly associated with postpartum FOC, regardless of congruence between preferred and actual mode of delivery. (PsycInfo Database Record (c) 2022 APA, all rights reserved)","Journal

Peer Reviewed Journal",English,2020
128,Predictors of child resilience in a community-based cohort facing flood as natural disaster. [References].,https://dx.doi.org/10.1186/s12888-020-02944-y,"Arshad, Muhammad

Mughal, Muhammad Kashif

Giallo, Rebecca

Kingston, Dawn",BMC Psychiatry,"Background: Natural disasters are unpredictable and uncontrollable events that usually induce significant level of stress and social disruption in afflicted individuals. The consequences are formidable, affecting lifetime health and economic prosperity. Among natural disasters, floods are the most common causes and tend to have the highest economic burden. The aim of this study was to examine factors associated with child resilience in the face of the natural disaster experienced by the city of Calgary, Alberta, Canada during its unprecedented flood of 2013. Methods: The current study was conducted in a community-based cohort situated in the city of Calgary. The participants were recruited out of the All Our Families longitudinal cohort within the Cummings School of Medicine at the University of Calgary. Of the total 1711 people contacted, 469 people consented and completed questionnaire. Of those 469 who consented to be part of the study, 467 were eligible to be included for analysis. A flood impact questionnaire was delivered 6 months after the 2013 flood in families whose children were an average of 3 years old. Mother reported questionnaires were used to assess child resilience. The study included maternal data on a range of factors including socio-demographic, history of mental health, relationship with the partner and social support. Child related data were also incorporated into the study, and variables included delivery mode, child sex, and child age at the time of disaster. Results: Child resilience was best predicted by mother's age and social support, and by child gender, the child's externalizing and internalizing behaviors and the Rothbart temperament scale: effortful control. Furthermore, this study revealed that children who were more exposed to the flood events, showed higher resilience compared to the children who were less or not exposed. Conclusions: These findings highlight the risk and protective factors that predict child resilience and suggest that mother reported questionnaire are useful tools to assess child resilience amidst early life adversity. (PsycInfo Database Record (c) 2021 APA, all rights reserved)","Journal

Peer Reviewed Journal",English,2020
129,Factors associated with bottle feeding in children aged 0-23 months in Indonesia. [References].,https://dx.doi.org/10.1016/j.childyouth.2020.105251,"Nasrul, Nasrul

Hafid, Fahmi

Ramadhan, Kadar

Suza, Dewi Elizadiani

Efendi, Ferry",Children and Youth Services Review,"Introduction: Due to the high risk of contamination, the practice of bottle feeding with a nipple is discouraged by the governments around the world. This study aims to examine the prevalence and factors associated with bottle feeding among children aged 0-23 months in Indonesia. Methods: Data from the 2017 Demographic Health Survey (DHS) of Indonesia were used with a cross-sectional study design. The research included last-born children aged 0-23 months using a sample of 6,763 mother-baby pairs. The independent variables included marital status, mother's education and occupation, wealth quintile, place of residence, type of delivery, sex of child, and child's age. The dependent variable in this study was using bottle feeding. Chi-square tests and binary logistic regression were used to examine the association between bottle feeding and related factors. Results: The prevalence of bottle feeding in Indonesia was 37.9%. Multivariate analysis showed that mothers with a higher education level (Adjusted Odds Ratio [AOR] 4.9, 95% Confidence Interval [CI] 2.3-10.3), working mothers (AOR 1.6, 95% CI 1.4-1.8), richest family (AOR 1.8, 95% CI 1.5-2.3), urban living (AOR 1.5, 95% CI 1.3-1.8), caesarean delivery (AOR 1.6, 95% CI 1.3-1.8), female child (AOR 0.8, 95% CI 0.7-0.9) and children aged 6-23 (AOR 1.4, 95% CI 1.2-1.6) were significantly associated with the use of bottle feeding relative to their counterparts. Conclusion: The increased risks of using bottle feeding have been significantly associated with maternal and child factors as well as the wealth index and urban residence. Continued support of discouragement of bottle feeding policy needs to be enhanced by considering significant variables in this study. (PsycInfo Database Record (c) 2021 APA, all rights reserved)","Journal

Peer Reviewed Journal",English,2020
130,Using theory of planned behavior for prediction of delivery mode among pregnant women: A theory-based cross-sectional research. [References].,,"Ghaffari, Mohtasham

Afshari, Atefeh

Rakhshanderou, Sakineh

Armoon, Bahram",International Journal of Adolescent Medicine and Health,"Background: Nowadays, in Iran cesarean rates have increased from the recommended level of the World Health Organization (WHO). Objectives The objective of the present study was to determine which theory of planned behavior (TPB) constructs predict intentions and delivery mode among pregnant women. Methods: One hundred and four pregnant nulliparous women in their third trimesters of pregnancy referred to Semirom health care centers were investigated based on census reports. The data were collected by valid and reliable questionnaire based on the TPB constructs and analyzed by SPSS16. Results: In examining predictors using linear regression analysis to choose normal vaginal delivery (NVD), all constructs of TPB, including attitude toward NVD (p < 0.0001), subjective norms (p < 0.05) and perceived behavioral control (p < 0.001) were significantly correlated. Finally, after telephone follow-up with the women who had delivered newborns on their delivery method, it was found that 71.15% had a NVD and 28.14% had a cesarean delivery. Conclusions: Regarding the effect of attitude to NVD, subjective norms and perceived behavioral control in NVD intention and its crucial role in anticipating the final delivery method, it is recommended considering these constructs in designing educational interventions for safe delivery in the investigated area. (PsycInfo Database Record (c) 2021 APA, all rights reserved)","Journal

Peer Reviewed Journal",English,2020
131,Effect of a brief training program for primigravid adolescents on parenting self-efficacy and mother-infant bonding in the southeast of Iran. [References].,,"Moudi, Zahra

Talebi, Behjat

Pour, Mahnaz Shahraki",International Journal of Adolescent Medicine and Health,"Background: Annually, about 16 million adolescent girls give birth, accounting for 11% of all births worldwide. Ninety-five percent of these births occur in low- and middle-income countries, and previous studies have addressed the need for parenting interventions in developing countries with limited health care resources to improve parenting behaviors. Objective: To explore the effect of a brief training program for primigravid adolescents on parenting self-efficacy and mother-infant bonding. Subjects We enrolled 116 married pregnant adolescents. Methods: This quasi-experimental study was conducted during August 22, 2016-February 3, 2017. The intervention group received three sessions of training on neonatal care, while the control group received the routine care. We evaluated parenting self-efficacy using the Perceived Maternal Parenting Self-Efficacy (PMP S-E) questionnaire, the mother-infant bonding using the Postpartum Bonding Questionnaire (PBQ) and social support by means of the Multidimensional Scale of Perceived Social Support (MSPSS). The participants were followed up for 1 month. Results: The mean ages of the intervention and the control groups were 16.37 +/- 0.97 and 16.27 +/- 1.12 years, respectively. The intervention group obtained higher self-efficacy and bonding scores compared to the control group. The logistic regression model showed that the second (evoking behaviors) and the third (reading behavior or signaling) subscales of the PMP S-E, the route of delivery and women's educational levels could predict the mother-infant bonding scores. Conclusion: Primigravid adolescents can benefit from brief interventions during pregnancy through improving their parenting self-efficacy and mother-infant bonding. (PsycInfo Database Record (c) 2021 APA, all rights reserved)","Journal

Peer Reviewed Journal",English,2020
132,Association of maternal eating disorders with pregnancy and neonatal outcomes. [References].,https://dx.doi.org/10.1001/jamapsychiatry.2019.3664,"Mantel, Angla

Hirschberg, Angelica Linden

Stephansson, Olof",JAMA Psychiatry,"[Correction Notice: An Erratum for this article was reported in Vol 77(3) of JAMA Psychiatry (see record 2020-21761-015). In the original article, surname of the second author was inaccurate. Angelica Linden Hirschberg should be referred to as Dr Hirschberg, not Dr Linden Hirschberg. The error has been corrected.] Importance: The prevalence of eating disorders is high among women of reproductive age, yet the association of eating disorders with pregnancy complications and neonatal health has not been investigated in detail, to our knowledge. Objective: To investigate the relative risk of adverse pregnancy and neonatal outcomes for women with eating disorders. Design, Setting and Participants: This population-based cohort study included all singleton births included in the Swedish Medical Birth Register from January 1, 2003, to December 31, 2014. A total of 7542 women with eating disorders were compared with 1 225 321 women without eating disorders. Statistical analysis was performed from January 1, 2018, to April 30, 2019. Via linkage with the national patient register, women with eating disorders were identified and compared with women free of any eating disorder. Eating disorders were further stratified into active or previous disease based on last time of diagnosis. Main Outcomes and Measures: The risk of adverse pregnancy outcomes (hyperemesis, anemia, preeclampsia, and antepartum hemorrhage), the mode of delivery (cesarean delivery, vaginal delivery, or instrumental vaginal delivery), and the neonatal outcomes (preterm birth, small and large sizes for gestational age, Apgar score <7 at 5 minutes, and microcephaly) were calculated using Poisson regression analysis to estimate risk ratios (RRs). Models were adjusted for age, parity, smoking status, and birth year. Results: There were 2769 women with anorexia nervosa (mean [SD] age, 29.4 [5.3] years), 1378 women with bulimia nervosa (mean [SD] age, 30.2 [4.9] years), and 3395 women with an eating disorder not otherwise specified (EDNOS; mean [SD] age, 28.9 [5.3] years), and they were analyzed and compared with 1 225 321 women without eating disorders (mean [SD] age, 30.3 [5.2] years). All subtypes of maternal eating disorders were associated with an approximately 2-fold increased risk of hyperemesis during pregnancy (anorexia nervosa: RR, 2.1 [95%CI, 1.8-2.5]; bulimia nervosa: RR, 2.1 [95%CI, 1.6-2.7]; EDNOS: RR, 2.6 [95%CI, 2.3-3.0]). The risk of anemia during pregnancy was doubled for women with active anorexia nervosa (RR, 2.1 [95%CI, 1.3-3.2]) or EDNOS (RR, 2.1 [95%CI, 1.5-2.8]). Maternal anorexia nervosa was associated with an increased risk of antepartum hemorrhage (RR, 1.6 [95%CI, 1.2-2.1]), which was more pronounced in active vs previous disease.Women with anorexia nervosa (RR, 0.7 [95%CI, 0.6-0.9]) and women with EDNOS (RR, 0.8 [95%CI, 0.7-1.0]) were at decreased risk of instrumental-assisted vaginal births; otherwise, there were no major differences in mode of delivery.Women with eating disorders, all subtypes, were at increased risk of a preterm birth (anorexia nervosa: RR, 1.6 [95%CI, 1.4-1.8]; bulimia nervosa: RR, 1.3 [95%CI, 1.0-1.6]; and EDNOS: RR, 1.4 [95%CI, 1.2-1.6]) and of delivering neonates with microcephaly (anorexia nervosa: RR, 1.9 [95%CI, 1.5-2.4]; bulimia nervosa: RR, 1.6 [95%CI, 1.1-2.4]; EDNOS: RR, 1.4 [95%CI, 1.2-1.9]). Conclusions and Relevance: The findings of this study suggest that women with active or previous eating disorders, regardless of subtype, are at increased risk of adverse pregnancy and neonatal outcomes and may need increased surveillance in antenatal and delivery care. (PsycInfo Database Record (c) 2021 APA, all rights reserved)","Journal

Peer Reviewed Journal",English,2020
133,"Delivery mode, maternal characteristics, and developmental trajectories of toddlers' emotional and behavioral problems. [References].",https://dx.doi.org/10.1007/s10566-019-09487-8,"Jasiulione, Jurgita Smilte

Jusiene, Roma",Child & Youth Care Forum,"Background: Little empirical research examines relationships among delivery mode, other childbirth-related factors, maternal characteristics, and child psychosocial development. Objective: The aim of this study is to explore the developmental trajectories of toddlers' emotional and behavioral problems and the predictive role of psycho-social, childbirth, and maternal characteristics. Method: Participants were 258 mothers and their children who took part in a longitudinal study from birth till the age of 30 months. Self-report instruments were used for the assessment of mothers' infant rearing attitudes, the quality of relationship with the partner, maternal emotional distress, and maternal self-efficacy. The Child Behavior Checklist (11/2-5) was used for the assessment of children's behavioral and emotional problems. Results: Latent class analysis for emotional and behavioral problems ended in 3-class solutions. In regard to emotional problems, 83% of children were classified as having a stable low, 11% an increasing, and 6% a decreasing level of emotional problems. In regard to behavioral problems, 86% of children showed a stable low, 5% an increasing, and 9% a stable high level of behavioral problems. Children's gender in combination with maternal education and maternal infant rearing attitudes predict children's membership in the increasing and decreasing emotional problem classes. Children's gender and maternal age in combination with emergency caesarean section, the quality of the relationship with the partner, and maternal self-efficacy explain children's membership in the classes of high and increasing behavioral problems. Conclusions: A combination of such factors as emergency caesarean section, child's gender, maternal age and level of education, maternal infant rearing attitudes, maternal self-efficacy, and inter-parental relationships predict developmental trajectories of emotional and behavioral problems in toddlers. (PsycInfo Database Record (c) 2025 APA, all rights reserved)","Journal

Peer Reviewed Journal",English,2019
134,To challenge oneself as a childbearing woman-The lived experience of vaginal birth after caesarean section in Sweden. [References].,https://dx.doi.org/10.1080/17482631.2019.1605784,"Thelin, Ida Lyckestam

Lundgren, Ingela

Nilsson, Christina",International Journal of Qualitative Studies on Health and Well-being,"Purpose: There is a need to gain deeper knowledge about women's experience of vaginal birth after caesarean section (VBAC). Considerable research has been conducted on VBAC; however, only a few qualitative studies focus on women's experiences. Therefore, the aim of this study was to describe the lived experiences of VBAC among women resident in Sweden, a country with a high VBAC rate. Method: This study was performed in accordance with a phenomenological reflective life-world approach. Interviews were conducted with nine women in an urban region of Sweden one year after their VBAC birth. Results: The essential meaning of the studied phenomenon is ""to challenge oneself as a childbearing woman"", which is further described by its four constituents: ""striving for support from professionals"", ""desiring the experience"", ""contrasting and comparing memories of two different births"" and ""being part of the birthing culture"". Conclusions: The experience of VBAC meant regained trust in the ability to give birth vaginally. The women lacked follow-up and support after the caesarean section (CS), during the subsequent pregnancy and the forthcoming VBAC. Enhanced support could be a key factor in helping women meeting the challenge and feel confident about giving birth vaginally despite their previous experiences of CS. (PsycInfo Database Record (c) 2024 APA, all rights reserved)","Journal

Peer Reviewed Journal",English,2019
135,Association of maternal neurodevelopmental risk alleles with early-life exposures. [References].,https://dx.doi.org/10.1001/jamapsychiatry.2019.0774,"Leppert, Beate

Havdahl, Alexandra

Riglin, Lucy

Jones, Hannah J

Zheng, Jie

Davey Smith, George

Tilling, Kate

Thapar, Anita

Reichborn-Kjennerud, Ted

Stergiakouli, Evie",JAMA Psychiatry,"Importance: Early-life exposures, such as prenatal maternal lifestyle, illnesses, nutritional deficiencies, toxin levels, and adverse birth events, have long been considered potential risk factors for neurodevelopmental disorders in offspring. However, maternal genetic factors could be confounding the association between early-life exposures and neurodevelopmental outcomes in offspring, which makes inferring a causal relationship problematic. Objective: To test whether maternal polygenic risk scores (PRSs) for neurodevelopmental disorders were associated with early-life exposures previously linked to the disorders. Deign, Setting, And Participants: In this UK population-based cohort study, 7921 mothers with genotype data from the Avon Longitudinal Study of Parents and Children (ALSPAC)underwent testing for association of maternal PRS for attention-deficit/hyperactivity disorder (ADHD PRS), autism spectrum disorder (ASD PRS), and schizophrenia (SCZ PRS) with 32 early-life exposures. ALSPAC data collection began September 6, 1990, and is ongoing. Data were analyzed for the current study from April 1 to September 1, 2018. Eposures: Maternal ADHD PRS, ASD PRS, and SCZ PRS were calculated using discovery effect size estimates from the largest available genome-wide association study and a significance threshold of P < .05. Main Outcomes And Meaure: Outcomes measured included questionnaire data on maternal lifestyle and behavior (eg, smoking, alcohol consumption, body mass index, and maternal age), maternal use of nutritional supplements and medications in pregnancy (eg. acetaminophen, iron, zinc, folic acid, and vitamins), maternal illnesses (eg, diabetes, hypertension, rheumatism, psoriasis, and depression), and perinatal factors (eg, birth weight, preterm birth, and cesarean delivery). Results: Maternal PRSs were available from 7921 mothers (mean [SD] age, 28.5 [4.8] years). The ADHD PRS was associated with multiple prenatal factors, including infections (odds ratio [OR], 1.11; 95% CI, 1.04-1.18), use of acetaminophen during late pregnancy (OR, 1.11; 95% CI, 1.04-1.18), lower blood levels of mercury (beta coefficient, -0.06; 95% CI, -0.11 to -0.02), and higher blood levels of cadmium (beta coefficient, 0.07; 95% CI, 0.05-0.09). Little evidence of associations between ASD PRS or SCZ PRS and prenatal factors or of association between any of the PRSs and adverse birth events was found. Sensitivity analyses revealed consistent results. Conclusions And Relevance: These findings suggest that maternal risk alleles for neurodevelopmental disorders, primarily ADHD, are associated with some pregnancy-related exposures. These findings highlight the need to carefully account for potential genetic confounding and triangulate evidence from different approaches when assessing the effects of prenatal exposures on neurodevelopmental disorders in offspring. (PsycInfo Database Record (c) 2022 APA, all rights reserved)","Journal

Peer Reviewed Journal",English,2019
136,Neurodevelopment in infants with moderate neonatal risk and its association with biological and environmental factors. [References].,https://dx.doi.org/10.1007/s41252-019-00116-y,"Vericat, Agustina

Orden, Alicia B",Advances in Neurodevelopmental Disorders,"Objectives: Moderate-risk neonates (MRNs) are newborns who usually remain hospitalized in neonatal intensive care units (NICU) after birth. Although they have low rates of mortality, morbidity burden may be significant and involve neurological risk. The aim of this study was to estimate the prevalence of neurodevelopmental disorders and the influence of biological and socio-environmental factors on the neurodevelopment of MRN. Methods: A cross-sectional study was performed on a sample of 162 MRNs aged 2-24 months, who remained in NICU >= 72 h after birth, with gestational age (GA) >= 34 weeks, birth weight >= 1500 g, and normal neurological and clinical examinations by the time of hospital discharge. Four neurodevelopmental areas were assessed using the Argentinian test PRUNAPE: language (LG), fine and gross motor skills (FM and GM), and personal-social skills (PS). Data from biological (gestational, perinatal and postnatal) and socio-environmental factors were collected through parental questionnaires. Results: Thirty-four percent of infants failed the test. Gross motor was the most affected area (14.2%), followed by LG (11.7%), FM (7.4%), and PS (4.3%). Among gestational factors global failure was associated with drugs and alcohol consumption (p <= 0.029). Language was associated with maternal smoking (p = 0.007; OR 3.5), FM (p = 0.009; OR 13.0), and GM (p = 0.002; OR 10.6) with drug use, and both LG (p = 0.000; OR 22.6) and GM (p = 0.007; OR 16.2) with alcohol consumption during pregnancy. Infants born by cesarean had a higher risk of failure than those born by vaginal delivery (p = 0.049; OR: 2.2), as well as infants with pathological complementary diagnosis (p = 0.001; OR 2.7). Mechanical ventilation was associated with FM disorders (p = 0.025; OR 4.2). Children with siblings had a higher risk of failing the test than only children (p = 0.041; OR 2.0). Conclusions: Rate of neurodevelopmental disorders in MRN exceeds widely that of the general population. GM was the most affected area. Maternal addictions, cesarean birth, pathological complementary studies, MV, and having siblings are factors associated with failure in the screening. (PsycInfo Database Record (c) 2022 APA, all rights reserved)","Journal

Peer Reviewed Journal",English,2019
137,Between expectancy and experience: Testing a model of childbirth satisfaction. [References].,https://dx.doi.org/10.1177/0361684318779537,"Preis, Heidi

Lobel, Marci

Benyamini, Yael",Psychology of Women Quarterly,"Childbirth is a pivotal event for many women, and evidence suggests that women possess strong expectations regarding this experience. In a longitudinal study of 330 Israeli first-time mothers, we distinguished between physical, emotional, and cognitive factors and used them to assess the underlying mechanism of satisfaction, based on theoretical frameworks of stress and control. Women completed questionnaires during pregnancy and two months postpartum. The negative association between a more medicalized birth and birth satisfaction was partially mediated by perceived control. In turn, specific emotions mediated the association between perceived control and satisfaction: Greater perceived control over the birth environment predicted more positive emotions, less fear, and better perceived care; while greater perceived control over the birth process predicted more positive emotions, less fear, and less guilt. Greater incongruence between the planned and actual birth experience predicted lower satisfaction, mediated by perceived care and feelings of guilt. This investigation unraveled the association between women's lived birth experience and their birth satisfaction. The findings underscore the value of helping women achieve satisfying births by discussing their expectations with them, providing them with experiences that meet their needs, and supporting those with a gap between their expectations and experience. Respecting individual preferences while lowering blame may improve women's health and well-being. (PsycInfo Database Record (c) 2022 APA, all rights reserved)","Journal

Peer Reviewed Journal",English,2019
138,Learning from mistakes: analyzing incidents in a neonatal care unit. [References].,https://dx.doi.org/10.1590/1518-8345.2795.3121,"Hoffmeister, Louise Viecili

Moura, Gisela Maria Schebella Souto de

Macedo, Ana Paula Morais de Carvalho",Revista Latino-Americana de Enfermagem,"Objective: to analyze incidents reported in a neonatal care unit. Method: a quantitative, cross-sectional and retrospective study with a sample of 34 newborns. Data were collected through a structured form, composed of two parts: sociodemographic/clinical characteristics of the newborns, and characteristics of the reported incidents. Data were collected from the institution's computer system, in a period corresponding to 13 months, and analyzed by means of descriptive statistics. Results: the majority of the newborns were preterm (70.6%), male (52.9%) and born through caesarean section (76.5%). During the study period, 54 incidents were reported, totaling a frequency of 1.6 incident per newborn. It was found that 61.1% of incidents were related to medicines, 14.8% to accidental loss of tracheal tube and 9.3% to catheter obstruction. Conclusion: analysis of the reported incidents has shown that most incidents refer to the drug process. Information about the incidents can increase the perception of health professionals regarding the impact of their actions. (PsycInfo Database Record (c) 2022 APA, all rights reserved)","Journal

Peer Reviewed Journal",English,2019
139,Do maternal personality variables influence childbirth satisfaction? A longitudinal study in low-risk pregnancies. [References].,https://dx.doi.org/10.1080/03630242.2019.1613473,"Catala, Patricia

Penacoba, Cecilia

Carmona, Javier

Marin, Dolores",Women & Health,"To analyze the influence of maternal personality (big five personality, coping and childbirth expectations) on birth satisfaction. A longitudinal prospective design was used with 116 pregnant women during November 2014-December 2015 at a public hospital (Madrid, Spain) with three assessment stages: first trimester of pregnancy (personality factors), third trimester (childbirth expectations and coping strategies) and 48 hours after childbirth (labor satisfaction). The highest childbirth satisfaction scores were for professional support, support from partner and overall satisfaction. Higher childbirth satisfaction scores were found for vaginal births than for cesarean sections or instrumental births. Childbirth expectation dimensions showed the highest number of associations with childbirth satisfaction. Significant correlations were found between neuroticism and home assessment, agreeableness and environment, and openness to experience and overall satisfaction. Significant positive correlations were found between positive reappraisal and continuity, and negative correlations between avoidance coping and home assessment. Regression analyses showed the predictive role played by the type of birth, and the caregiving environment as childbirth expectation, and positive reappraisal and avoidance as coping strategies. These findings have important implications for health professionals who provide assistance to pregnant women through holistic models which include the assessment and adjustment of childbirth expectations. (PsycInfo Database Record (c) 2022 APA, all rights reserved)","Journal

Peer Reviewed Journal",English,2020
140,Virtual reality pain mitigation during elective cesarean surgical delivery. [References].,,"Mosso Vazquez, Jose Luis

Mosso Lara, Dejanira

Lara Vaca, Veronica

Wiederhold, Brenda K

Miller, Ian

Rivas, Homero

Wiederhold, Mark D",Annual Review of CyberTherapy and Telemedicine,"We present supplemental virtual reality (VR) relaxation to reduce pain and anxiety during elective cesarean delivery in 4 young women under epidural analgesia. Methodology. Four women voluntarily participated in a VR relaxation group (mean age = 28.5 years) and four women in a control group (mean age = 30.5 years). VR relaxation was initiated for the placement of the epidural block and cesarean procedure until the gynecologist extracted the newborn from the uterus. The mothe's vital signs and pain were measured using physiological monitoring and a visual analog scale before, during and after anesthesia placement and during and after cesarean surgery. Participants viewed an 'Enchanted Forest' virtual environment. Three of the four patients' husbands participated by navigating the virtual environment for his wife using a game controller. Results. Patients presented 91.89 % pain reduction in the VR group-a remarkable result under regional anesthesia. Patients in the control group presented 61 % increases in pain. Conclusions. VR supplemented pain mitigation provides high levels of satisfaction to mothers during elective cesarean delivery and carries no risk for the newborns. The current report highlights an innovative contribution to womens' healthcare. (PsycInfo Database Record (c) 2021 APA, all rights reserved)","Journal

Peer Reviewed Journal",English,2019
141,Group art therapy for the management of fear of childbirth. [References].,https://dx.doi.org/10.1016/j.aip.2018.11.007,"Sezen, Ceren

Unsalver, Baris Onen",The Arts in Psychotherapy,"Background: Even though most pregnant women might have some concerns regarding the mode of delivery some women may experience a heightened fear of childbirth (FOC), which may make pregnancy a disturbing and discomforting experience for them. Clinical FOC leads to an increase in C-section demands and the ratio of C-section births. Therefore, management of FOC is essential for improving public health. The objective of this pilot study was to evaluate the efficacy of group art therapy for the management of FOC. Methods: To understand the effectiveness of group art therapy, we designed a quantitative study. The population studied was pregnant women with subjective complaints of FOC attending an outpatient pregnancy follow-up clinic. Effectiveness of group art therapy intervention was assessed in comparison to group psychoeducation for FOC. The primary outcomes of the study were determined as Wijma Delivery Expectancy/Experience Questionnaire Version A (W-DEQ) scores below 37, Beck Depression Inventory (BDI) scores below 14 and the Beck Anxiety Inventory (BAI) scores below 10 at the end of the 6th session for the art therapy group. We expected to find significant differences in the primary outcome measures between the two groups. The secondary outcome of the study was the difference between the two groups regarding the mode of actual delivery. 30 women volunteers in the third trimester of pregnancy attending a public women's hospital with moderate levels of FOC were included in the study. They were randomly distributed to 2 groups. The first group (n = 15) received six sessions of group art therapy. The second group (n = 15) received six sessions of psychoeducation for FOC. Results: By the end of the six weeks, Beck depression scale (BDS) scores, Beck Anxiety Scale (BAS) scores, and W-DEQ scores decreased significantly in the art therapy group in comparison to the psychoeducation group (p < 0.001). FOC was considerably decreased in the art therapy group in relation to the control group at the end of the treatment. Most of the women (n = 12) in the art therapy group had natural deliveries while those in the psychoeducation group had C-sections (n = 10). Conclusions: Our findings suggest that art therapy is an efficient method for reducing clinical FOC and levels of anxiety and depressive symptoms in pregnant women in the final trimester. This arts therapy programme enabled these shifts in behaviour by helping women face and express their fears through their artwork (drawing) and then gain control over their fears (mandala-making, puppet-making, taking photographs and collage-making) within a secure base and an on-going social support system provided by the group structure. Group art therapy seems to be a cost-effective therapeutic approach for targeting a larger number of people in a limited time with a limited number of therapists. (PsycInfo Database Record (c) 2021 APA, all rights reserved)","Journal

Peer Reviewed Journal",English,2019
142,Type of delivery is not associated with maternal depression. [References].,https://dx.doi.org/10.1007/s00737-018-0923-1,"Faisal-Cury, Alexandre

Menezes, Paulo Rossi",Archives of Women's Mental Health,"Although many women experience depressive symptoms during the first year after childbirth, the relationship between type of delivery and maternal depression is not clear. The purpose of this study is to evaluate relationship between type of delivery and maternal depression, between 6 to 16 months after childbirth. We performed a prospective cohort study of 558 low-socioeconomic status pregnant women without depression. All participants were recruited from primary care clinics of the public sector in three administrative districts in the Western area of the city of Sao Paulo, Brazil. Depressive symptoms were assessed using the Self-Report Questionnaire (SRQ-20). Type of delivery was classified as uncomplicated spontaneous vaginal delivery (UVD) (no episiotomy and no more than a first-degree perineal laceration), complicated vaginal delivery (CVD) (episiotomy or more than a second-degree perineal laceration), and cesarean delivery (CD). Data about type of delivery were extracted from medical charts. Crude and adjusted risk ratios with 95% confidence intervals were estimated using Poisson regression with robust variance estimates to examine the association between type of delivery with maternal depression. Among 482 women reassessed during 6 to 16 months after delivery, 18% had symptoms of depression. According to the type of delivery, 250 (51.8%), 85 (21.7%), and 147 (30.5%) were UVD, CVD, and CD, respectively. There was no association between type of delivery and maternal depression. In comparison with women submitted to uncomplicated vaginal, women who had a cesarean or perineal trauma/episiotomy did not show greater risk of maternal depression, in the medium to long term after delivery. (PsycInfo Database Record (c) 2021 APA, all rights reserved)","Journal

Peer Reviewed Journal",English,2019
143,"On progress in africa, by African experts. [References].",https://dx.doi.org/10.1016/S1474-4422%2817%2930457-X,"Figaji, Anthony

Taylor, Allan

Mahmud, Muhammad Raji

Bello, Shehu

Wegoye, Emmanuel

Ssenyonga, Peter

Mogere, Edwin

Mankahla, Ncedile

Fieggen, Graham

Qureshi, Mahmood",The Lancet Neurology,"The Feature mentions an uncontrolled retrospective study of procedures done by non-physicians and doctors, and a meta-analysis of non-randomised studies of caesarean sections. To generalise these findings to neurosurgery is a breath-taking leap. If this generalisation were feasible, it would mean a boon to health economies all over the world, and would upend conventional training. (PsycInfo Database Record (c) 2025 APA, all rights reserved)","Journal

Peer Reviewed Journal",English,2018
144,The 'long-term' effects of universal school-based anxiety prevention trials: A systematic review. [References].,https://dx.doi.org/10.1016/j.mhp.2018.04.003,"Waldron, Samuel M

Stallard, Paul

Grist, Rebecca

Hamilton-Giachritsis, Catherine",Mental Health and Prevention,"Objective: Previous reviews demonstrate that universal school-based anxiety prevention programs are generally effective in the short-term, but have not yet provided a clear evaluation of the longer-term effects. This review focuses exclusively on randomized controlled trials (RCTs) of universal school-based anxiety prevention programs that included a follow-up at 12-months or beyond. Method: In total, 359 references from previous reviews in the field were screened; PubMed and PsychInfo were also systematically searched. Eight studies met criteria (each based on cognitive-behavioural principles) comprising 7522 children aged nine-18 years. Risk of bias in most studies was high, thus a formal meta-analysis was not conducted. Results: Three of the eight studies reported greater reductions in anxiety symptomology in the prevention group compared to the control group at post-intervention (immediate effect), and each of these studies also reported maintenance of this effect at 12-month follow-up. Two further studies reported a 'delayed' effect at 12-month follow-up. All five studies that reported prevention effects were evaluating the FRIENDS program, and estimated effect sizes at 12-months follow-up varied from 0.2 to 0.69 (Hedges g). The final three studies (evaluating different programs) reported no immediate or long-term effects. Conclusions: The findings from this review suggest that the effects of some universally delivered school-based anxiety prevention trials can last up to 12-months, but this may depend on various factors (including program-type). It was not possible to draw firm conclusions regarding the influence of delivery mode (teacher versus health professional), parent sessions or child booster sessions. Further high quality RCTs with long-term follow-up periods are needed. (PsycInfo Database Record (c) 2022 APA, all rights reserved)","Journal

Peer Reviewed Journal",English,2018
145,"Maternal attachment style, interpersonal trauma history, and childbirth-related post-traumatic stress. [References].",https://dx.doi.org/10.3389/fpsyg.2018.02379,"MacKinnon, Anna L

Houazene, Sarah

Robins, Stephanie

Feeley, Nancy

Zelkowitz, Phyllis",Frontiers in Psychology,"Childbirth-related post-traumatic stress has potentially negative and enduring consequences for the well-being of women and their families. Although research to date has identified attachment style and trauma history as individual risk factors, they have yet to be examined as integrative processes in the development and maintenance of childbirth-related post-traumatic stress. The current investigation aimed to examine whether attachment style may moderate the impact of a history of interpersonal trauma on initial levels and the rate of change in post-traumatic stress symptomatology across the first 6 months of the postpartum period. A large community sample of women were recruited from two Canadian urban hospitals. Childbirth-related post-traumatic stress symptoms were assessed longitudinally at 5 weeks, 2 months, and 6 months postpartum. Latent growth curve modeling (n = 251) revealed that attachment style moderated the impact of a history of interpersonal trauma on initial levels and the rate of change in post-traumatic stress symptomatology, while controlling for other well-established psychosocial (e.g., trait anxiety, previous psychopathology, lack of perceived support) and childbirth-related (e.g., mode of birth, labor pain, subjective experience) risk factors. More secure attachment conferred resiliency and more fearful attachment conferred vulnerability among women without a history of interpersonal trauma, while more preoccupied and more dismissing attachment conferred resiliency among women with a history of interpersonal trauma. These findings highlight the importance of understanding the integrative processes among risk and protective factors underlying the development of and ability to cope with childbirth-related post-traumatic stress. Attachment style and trauma history, which can be quickly measured, should be considered as targets in antenatal screening. (PsycInfo Database Record (c) 2022 APA, all rights reserved)","Journal

Peer Reviewed Journal",English,2018
146,The effects of music interventions on women's anxiety before and after cesarean delivery: A randomized controlled trial. [References].,https://dx.doi.org/10.47513/mmd.v10i4.622,"Denney, Jeffrey M

Blackburn, Karen L

Bleach, Courtney C

Martinez, Anibal R

Philips, Jennifer Bromley

Lanier, Kristi

Dean, Laura

Mertz, Heather",Music and Medicine,"Objective: To assess the potential effects of perioperative music intervention on maternal anxiety levels, physiologic metrics, and medication use for anxiety, nausea and pain during and after scheduled cesarean section. Methods: Women assigned to the music intervention group were compared with controls. Physiologic metrics, medication requirements, and STAI scores were assessed for all participants. Results: 50 women were enrolled, assigned to either music intervention (n = 25) or control (n = 25) and analyzed. Physiologic metrics were similar between groups. Antiemetic, anxiolytic, and analgesic medication use intraoperatively and postoperatively were not significantly different. State and Trait scores by the STAI did not vary significantly by intervention (p = 0.09). STAI scores before and after procedure demonstrated the least change for the intervention group (r = 0.6) when compared to controls (r = 0.2; p < 0.05). Conclusion: Patient-selected music employed as a perioperative intervention resulted in maternal mood stabilization as demonstrated in the least amount of change in STAI scores. Further studies are warranted to determine if extending patient-selected music intervention time length will likewise have a desirable impact on pain and anxiety levels. (PsycInfo Database Record (c) 2022 APA, all rights reserved)","Journal

Peer Reviewed Journal",English,2018
147,The effect of pregnancy Pilates-assisted childbirth preparation training on childbirth fear and neonatal outcomes: A quasi-experimental/quantitative research. [References].,https://dx.doi.org/10.1007/s11135-018-0682-0,"Sarpkaya Guder, Dilek

Yalvac, Mesut

Vural, Gulsen",Quality & Quantity: International Journal of Methodology,"This research aims to determine the effect pregnancy Pilates-assisted childbirth preparation training for primiparous women has on the fear of childbirth and neonatal outcomes. Fear of childbirth is very common among women and has negative effects on the birth process and neonatal outcomes. The study was designed as quasi-experimental/non-randomised/quantitative and prospective. Primiparous women presenting to the antenatal clinic of a hospital between 27.2.2015 and 01.03.2016 constituted the study population (reached 149 women). The study sample included 108 women, 54 of whom were in the experimental group and 54 of whom were in the control group. The sample had agreed to participate in the study and had met the sample criteria. In collecting the data, the Wijma Delivery Expectancy/Experience Questionnaire Version A, the birth outcomes data collection form were used. The data were analyzed using means calculation, Fisher's Exact Test, Pearson's Chi Square Test and T Test. The study found that the experimental group had a moderate level of childbirth fear prior to the training and a low level of childbirth fear following the training (p < 0.05). The study was determined that the experimental group, as compared to the control group, was positively affected by the training, in terms of childbirth fear, mode of the birth, planned or unplanned cesarean birth, the Apgar score and body weight of the newborn, and problems in the development of the newborn, the first contact time with newborn, and the first time breastfeeding (p < 0.05). The childbirth preparation program had a positive effect on fear of childbirth and neonatal outcomes. (PsycInfo Database Record (c) 2021 APA, all rights reserved)","Journal

Peer Reviewed Journal",English,2018
148,Factors associated with maternal-child transmission of HIV-1 in southeastern Brazil: A retrospective study. [References].,https://dx.doi.org/10.1007/s10461-018-2172-8,"do Prado, Thiago Nascimento

Brickley, Deborah Bain

Hills, Nancy K

Zandonade, Eliana

Moreira-Silva, Sandra Fagundes

Miranda, Angelica Espinosa",AIDS and Behavior,"Mother-to-child transmission (MTCT) is the main mode of HIV-1 acquisition among young children worldwide. The goals of this study were to estimate the proportion of HIV MTCT and to identify factors associated with transmission. We reviewed data for HIV-infected pregnant women that had been reported to the National Information on Reportable Diseases System (SINAN) in Espirito Santo state, Brazil, between January 2007 and December 2012. HIV cases in children were followed until age 18 months. The proportion of women who transmitted HIV to their babies was 14% (95% CI 11-17%). In a multivariate logistic regression model, pregnant women who had lower than primary school education (OR 2.74; 95% CI 1.31-5.71), had 2 or more pregnancies during the study period (OR 2.28; 95% CI 1.07-4.84), had emergency cesarean delivery (OR 4.32; 95% CI 1.57-11.9), and did not receive antiretroviral therapy during prenatal care (OR 2.41; 95% CI 1.09-5.31) had higher odds of HIV MTCT. Effort should be made to encourage health care workers and pregnant women to use services for the prevention of MTCT. (PsycInfo Database Record (c) 2021 APA, all rights reserved)
Abstract (Spanish)
La transmision materno-infantil (TMI) es el principal modo de adquisicion del VIH-1 entre los ninos de todo el mundo. Los objetivos del estudio fueron estimar la tasa de TMI del VIH e identificar los factores asociados. Se realizo una revision de los datos de mujeres embarazadas infectadas por el VIH notificadas al Sistema Nacional de Informacion sobre Enfermedades Reportables (SINAN) en el estado de Espirito Santo/Brasil, entre enero de 2007 y diciembre de 2012. Los casos de VIH en ninos fueron seguidos hasta 18 meses. La proporcion de TMI fue del 14% (IC95%:10,9-17,0). En el modelo de regresion logistica multivariable, las mujeres embarazadas que tenian menos que la educacion primaria (OR = 2,74; IC del 95%: 1,31-5,71), que tuvieron dos o mas embarazos durante el estudio del periodo (OR = 2,28; 95% IC 1,07-4,84), que tuvieron el parto por cesarea de emergencia (OR = 4,32; IC95%:1,57-11,9) y las mujeres embarazadas que no recibieron tratamiento antirretroviral durante la atencion prenatal (OR = 2,41; IC95%:1,09-5,31) tuvieron mayor probabilidad de TMI. Deberian realizarse esfuerzos para alentar a los trabajadores sanitarios ya las mujeres embarazadas a que utilicen los servicios de PTMI. (PsycInfo Database Record (c) 2021 APA, all rights reserved)","Journal

Peer Reviewed Journal",English,2018
149,"Resumption of intercourse, self-reported decline in sexual intercourse and dyspareunia in women by mode of birth: A prospective follow-up study. [References].",https://dx.doi.org/10.1111/jan.13468,"Trivino-Juarez, Jose-Matias

Romero-Ayuso, Dulce

Nieto-Pereda, Beatriz

Forjaz, Maria Joao

Oliver-Barrecheguren, Cristina

Mellizo-Diaz, Sonia

Aviles-Gamez, Beatriz

Arruti-Sevilla, Begona

Criado-Alvarez, Juan-Jose

Soto-Lucia, Consuelo

Pla-Mestre, Rosa",Journal of Advanced Nursing,"Aim: To evaluate the association between mode of birth and the resumption of sexual intercourse, self-reported decline in sexual intercourse and dyspareunia in women at the 6th week and 6th month postpartum. Background: Interest in the relationship between mode of birth and postpartum sexual functioning is increasing. However, previous findings are contradictory. Design: Prospective, longitudinal, observational study. Method: The participants comprised 552 healthy primiparous women aged 18-45 years who gave birth at a hospital between February 2013-April 2014. Interviews were performed at the hospital and via telephone at the 6th week and 6th month postpartum. We constructed multivariate logistic regression models to examine the relationship between mode of birth and resumption of intercourse, self-reported decline in sexual intercourse and dyspareunia at the 6th week and 6th month postpartum. Results: At the 6th week postpartum, forceps-assisted birth, combination of episiotomy plus perineal tear and belonging to a higher socio-economic status were related to a higher risk of non-resumption of sexual intercourse, while breastfeeding was related to a higher probability of dyspareunia. At the 6th month postpartum, the likelihood of self-reported decline in sexual intercourse was higher among women who screened positive for postpartum depression and a higher number of breastfeeding women reported a decline in sexual intercourse and dyspareunia. Furthermore, at the 6th month postpartum, women who reported the use of emergency services for a health problem had a higher risk of not having resumed intercourse and of experiencing dyspareunia. (PsycInfo Database Record (c) 2021 APA, all rights reserved)","Journal

Peer Reviewed Journal",English,2018
150,Revisiting head circumference of Brazilian newborns in public and private maternity hospitals. [References].,https://dx.doi.org/10.1590/0004-282x20170058,"do Socorro Teixeira Amorim, Maria

de Melo, Aurea Nogueira",Arquivos de Neuro-Psiquiatria,"To revisit the head circumference (HC) of newborns in public and private maternity hospitals; to correlate our findings with the gestational age, gender, and type of delivery; and build and validate graphs and curves. Methods: This was a prospective study performed on healthy newborns. Differences in HC were analyzed as a function of gestational age, gender, the healthcare system and the type of delivery. Smoothed percentile curves were created using the least mean squares method. Results: Of the included newborns, 697 were born in private maternity hospitals and 2,150 were born in public maternity hospitals. In all, 839 were born by vaginal delivery, and 1,311 were born by cesarean delivery. At 37 to 42 weeks of gestation, male newborns had a larger HC than females. Infants born in private maternity and those born by cesarean delivery had a larger HC. Conclusion: An important result of the present study is that our analyses allowed us to generate curves and statistically-validated graphs that can be used in clinical neonatal practice (PsycInfo Database Record (c) 2023 APA, all rights reserved)
Abstract (Portuguese)
Objetivo: Revisitar o perimetro cefalico (PC) de recem nascidos (RN) correlacionando com a idade gestacional (IG), genero, tipo de parto (TP), sistema de saude e construir e validar graficos e curvas. Metodos: Estudou-se prospectivamente RN sadios analisando-se as diferencas entre os PC segundo a IG, genero, TP e sistema de saude. As curvas suavizadas de percentis foram criadas pelo metodo LMS (least mean squares). Resultados: 692 nasceram em maternidades privadas, 2.150 em maternidade publica, 839 nasceram de parto vaginal e 1.311 parto cesareo. O genero masculino apresentou PC maior que o feminino nas IG de 37 a 42 semanas. Os RN de maternidades privadas tiveram PC maior que os de maternidade publica. Os nascidos de parto cesareo tiveram PC maior que os de parto vaginal. Conclusao: Importante consequencia deste estudo foi que os resultados permitiram a criacao de curvas e graficos validados estatisticamente de aplicabilidade na pratica clinica neonatal. (PsycInfo Database Record (c) 2023 APA, all rights reserved)","Journal

Peer Reviewed Journal",English,2017
151,Social cognitive processes and attitudes toward legal actions: Does receiving information affect community sentiment? [References].,,"Reichert, Jenny

Miller, Monica K",Applied Psychology in Criminal Justice,"Voters influence laws, often without being fully informed. Justice Thurgood Marshall proposed that, if American citizens were fully informed of the goals and consequences of the death penalty, they would not support its use. The present studies demonstrated -this principle applied to laws other than the death penalty, specifically, laws regulating the behavior of pregnant women (e.g., drug use, cesarean section). Four studies expanded existing attitude change research and determined whether support for such laws was related to: 1) ""first thoughts"" about the laws; 2) information received about the laws; 3) valence of information; and 4) source of information (i.e., self, peers, researcher). In the first experiment, receiving information produced more negative attitudes than a no-information, control group, perhaps because most participants' first thoughts about the laws concerned the health of the fetus (rather than the mother's rights). The second study confirmed this through factor analysis of responses to a thought-listing task and determined that type of first thought (e.g., about the fetus, mother) predicted attitude. In a third study, a mixed method design, attitudes changed based on the type of information (e.g., negative, positive) given by the researcher, though a fourth study indicated that attitudes did not change after debate with peers. Finally, Need for Cognition and Legal Authoritarianism related to support for the laws. Results have implications for community sentiment research, policy regarding the health and behavior of pregnant women, and psychology research on social cognitive processes and attitude theory. (PsycInfo Database Record (c) 2021 APA, all rights reserved)","Journal

Peer Reviewed Journal",English,2017
152,Twelve-month follow-up of a randomized controlled trial of internet-based guided self-help for parents of children on cancer treatment. [References].,https://dx.doi.org/10.2196/jmir.6852,"Cernvall, Martin

Carlbring, Per

Wikman, Anna

Ljungman, Lisa

Ljungman, Gustaf

von Essen, Louise",Journal of Medical Internet Research,"Background: A substantial proportion of parents of children on cancer treatment report psychological distress such as symptoms of post-traumatic stress (PTSS), depression, and anxiety. During their child's treatment many parents also experience an economic burden. Objective: The aim of this study was to evaluate the long-term efficacy of Internet-based guided self-help for parents of children on cancer treatment. Methods: This study was a parallel randomized controlled trial comparing a 10-week Internet-based guided self-help program, including weekly support from a therapist via encrypted email, with a wait-list control condition. The intervention was based on cognitive behavior therapy (CBT) and focused on psychoeducation and skills to cope with difficult thoughts and feelings. Primary outcome was self-reported PTSS. Secondary outcomes were self-reported symptoms of depression, anxiety, health care consumption, and sick leave during the past month. Outcomes were assessed pre- and postintervention and at 12-month follow-up. Parents of children on cancer treatment were invited by health care personnel at pediatric oncology centers, and parents meeting the modified symptom criteria on the PCL-C were included in the study. Self-report assessments were provided on the Web. Results: A total of 58 parents of children on cancer treatment (median months since diagnosis = 3) were included in the study (intervention n = 31 and control n = 27). A total of 18 participants completed the intervention, and 16 participants in each group participated in the 12-month follow-up. Intention-to-treat analyses revealed significant effects in favor of the intervention on the primary outcome PTSS, with large between-group effect sizes at postassessment (d = 0.89; 95% CI 0.35-1.43) and at 12-month follow-up (d = 0.78; 95% CI 0.25-1.32). Significant effects in favor of the intervention on the secondary outcomes depression and anxiety were also observed. However, there was no evidence for intervention efficacy on health care consumption or sick leave. Conclusions: Using the Internet to provide psychological interventions shows promise as an effective mode of delivery for parents reporting an increased level of PTSS and who consider Internet-based interventions as a viable option. Future research should corroborate these findings and also develop and evaluate interventions and policies that may help ameliorate the economic burden that parents may face during their child's treatment for cancer. (PsycInfo Database Record (c) 2021 APA, all rights reserved)","Journal

Peer Reviewed Journal",English,2017
153,"Young people, adult worries: Randomized controlled trial and feasibility study of the internet-based self-support method ""Feel the ViBe"" for adolescents and young adults exposed to family violence. [References].",https://dx.doi.org/10.2196/jmir.6004,"van Rosmalen-Nooijens, Karin

Wong, Sylvie Lo Fo

Prins, Judith

Lagro-Janssen, Toine",Journal of Medical Internet Research,"Background: Adolescents and young adults (AYAs) are of special interest in a group of children exposed to family violence (FV). Past-year prevalence of exposure to FV is known to be highest in AYAs and has severe consequences. Peer support is an effective approach to behavior change and the Internet is considered suitable as a mode of delivery. Objective: The study aimed to evaluate both effectiveness and feasibility of a randomized controlled trial (RCT) and feasibility study of the Internet-based self-support method ""Feel the ViBe"" (FtV) using mixed-methods approach to fully understand the strengths and weaknesses of a new intervention. Methods: AYAs aged 12-25 years and exposed to FV were randomized in an intervention group (access to FtV + usual care) and a control group (minimally enhanced usual care) after they self-registered themselves. From June 2012 to July 2014, participants completed the Impact of Event Scale (IES) and Depression (DEP) and Anxiety (ANX) subscales of the Symptom CheckList-90-R (SCL-90) every 6 weeks. The Web Evaluation Questionnaire was completed after 12 weeks. Quantitative usage data were collected using Google analytics and content management system (CMS) logs and data files. A univariate analysis of variance (UNIANOVA) and mixed model analysis (intention-to-treat [ITT], complete case) were used to compare groups. Pre-post t tests were used to find within-group effects. Feasibility measures structurally address the findings. The CONsolidated Standards Of Reporting Trials of Electronic and Mobile HEalth Applications and onLine TeleHealth (CONSORT-EHEALTH) checklist was closely followed. Results: In total, 31 out of 46 participants in the intervention group and 26 out of 47 participants in the control group started FtV. Seventeen participants (intervention: n = 8, control: n = 9) completed all questionnaires. Mixed model analysis showed significant differences between groups on the SCL-90 DEP (P = .04) and ANX (P = .049) subscales between 6 and 12 weeks after participation started. UNIANOVA showed no significant differences. Pre-post paired sample t tests showed significant improvements after 12 weeks for the SCL-90 DEP (P = .03) and ANX (P = .046) subscales. Reported mean Web-based time per week was 2.83 with a session time of 36 min. FtV was rated a mean 7.47 (1-10 Likert scale) with a helpfulness score of 3.16 (1-5 Likert scale). All participants felt safe. Two-thirds of the intervention participants started regular health care. Conclusions: No changes on the IES were found. SCL-90 DEP and ANX showed promising results; however, the calculated sample size was not reached (n = 18). FtV functions best as a first step for adolescents and young adults in an early stage of change. FtV can be easily implemented without extensive resources and fits best in the field of public health care or national governmental care. (PsycInfo Database Record (c) 2021 APA, all rights reserved)","Journal

Peer Reviewed Journal",English,2017
154,A secular trend in birth weight and delivery practices in periurban Vietnam during 2005-2012. [References].,https://dx.doi.org/10.1177/1010539517718335,"Duong, Duc Minh

Nguyen, Anh Duy

Nguyen, Chuong Canh

Le, Vui Thi

Hoang, Son Ngoc

Bui, Ha Thi Thu",Asia-Pacific Journal of Public Health,"The remarkable increase in Vietnamese economic conditions can increase the birth weight in neonates and better delivery practices among women. The Chi Linh Health and Demographic Surveillance System started in 2004. An open cohort of data consisting of about 57 561 people from 17 993 households has been followed primarily with respect to demography, economy, and education. The aim of this research is to study secular trends in delivery practice and birth weight in the past decade (2005-2012) in Chi Linh. We found a significant change in delivery rates at hospitals and cesarean section rates, but the birth weights over a decade of drastic economic development were stable. Furthermore, the findings show significant associations of birth weight and delivery practices with the child's sex, mother's age, and household income. Our results might be considered as representative for other similar periurban settings in Vietnam. We suggest that appropriate policies should be developed given the reduction in the use of delivery services in commune health centers in urban areas. (PsycInfo Database Record (c) 2021 APA, all rights reserved)","Journal

Peer Reviewed Journal",English,2017
155,Predictors for moderate to severe acute postoperative pain after cesarean section. [References].,,"de Carvalho Borges, Natalia

Pereira, Lilian Varanda

de Moura, Louise Amalia

Silva, Thuany Cavalcante

Pedroso, Charlise Fortunato",Pain Research & Management,"Background: Moderate to severe postoperative pain affects performance of daily activities and it contributes to persistent postoperative pain. In patients submitted to cesarean section, this pain can also interfere with women's ability to care for their babies, to effectively breastfeed, and to satisfactorily interact with their children. Factors influencing the pain perception during the immediate postoperative period have not been widely pursued. Objective. To investigate the incidence and predicting factors of postoperative pain after cesarean section. Methods: A prospective longitudinal study with 1,062 women submitted to cesarean section. We collected sociodemographic, clinical, surgical, and health behavior data. We used the 11-point Numerical Pain and the Hospital Anxiety and Depression Scales. We performed logistic analysis to identify predictors of moderate to severe postoperative pain. Results: The incidence of moderate-severe postoperative pain was 78.4% (CI: 95%: 75.9%-80.8%).The preoperative anxiety (OR = 1.60; CI 95%: 1.22-2.30) and intrathecalmorphine with fentanyl (OR = 0,23; CI 95%: 0.08-0.66) were significantly associated with moderate-severe postoperative pain report. Conclusion: The preoperative anxiety increases the risk of moderate-severe postoperative pain in women submitted to cesarean section. The intrathecal morphine with fentanyl added to bupivacaine was a protective factor against this pain. (PsycInfo Database Record (c) 2025 APA, all rights reserved)","Journal

Peer Reviewed Journal",English,2016
156,"Influence of older primiparity on childbirth, parenting stress, and mother-child interaction. [References].",https://dx.doi.org/10.1111/jjns.12110,"Sonobe, Mami

Usui, Masami

Hiroi, Kayoko

Asai, Hiromi

Hiramatsu, Mayumi

Nekoda, Yasutoshi

Hirose, Taiko",Japan Journal of Nursing Science,"Aim: Delivery at 35 years and above has increased in Japan. While there is much research concerning obstetrical risk and delivery at advanced age, little research addresses child-rearing after birth. This study seeks to identify how older primiparas' characteristics of child-rearing, parenting stress, and mother-child interaction differ from those of younger mothers. Methods: Participants were primipara women aged 35 years and above and primiparas aged 20-29 years; all delivered in the hospital. Questionnaires were distributed during hospitalization after birth and during home visits at 3 months, 1 year, and 2 years post-partum. Mother-child interactions during home visits were assessed using the Nursing Child Assessment Teaching Scale (NCATS). Results: The older group included 13 primiparas, and the control group included seven primiparas at the study's end. Some older primiparas used fertility treatment and cesarean section, but primiparas in their 20s used neither. There were no significant differences in terms of depression, psychological health, size of networks, and number of daytime or night-time feedings. Statistically significant differences were as follows. Older primiparas experienced more social isolation and overall stress, and their children exhibited greater hypersensitivity/lack of adaptability at 3 months. Older mothers were more likely to report little effort by their children to please them at 1 and 2 years after birth. Under observation, older primiparas received higher NCATS caregiver scores, but children of primiparas in their 20s received higher child scores. Conclusion: Mothers and child-care specialists should recognize that older primiparas interact more favorably with their children, but have more parenting stress. (PsycInfo Database Record (c) 2024 APA, all rights reserved)","Journal

Peer Reviewed Journal",English,2016
157,The effect of evidence-based scripted midwifery counseling on women's choices about mode of birth after a previous Cesarean. [References].,https://dx.doi.org/10.1111/jmwh.12466,"Chinkam, Somphit

Ewan, Jean

Koeniger-Donohue, Rebecca

Hawkins, Joellen W

Shorten, Allison",Journal of Midwifery & Women's Health,"Introduction: The purpose of this study was to evaluate how a scripted counseling intervention affected the experience of decision making and actual choice for trial of labor after cesarean (TOLAC) or elective repeat cesarean birth (ERCB) in a cohort of women receiving care from nurse-midwives. Methods: A pilot study of scripted counseling for women who had a previous cesarean about TOLAC versus ERCB was conducted at Boston Medical Center. Candidates for a TOLAC, receiving prenatal care from nurse-midwives in 2012 and 2013, were enrolled before 28 weeks' gestation. The women received 4 scripted counseling sessions during the routine prenatal visit, evidence-based information pamphlets, and an opportunity to review the hospital TOLAC consent form. Pre and post questionnaires were completed regarding birth preference, information sources, and decision factors. A midpoint assessment of the participants' knowledge of risks and benefits of TOLAC versus ERCB was conducted, and satisfaction with the intervention and outcome were assessed after the birth. Results: Twenty-two women participated in the study, and 20 completed all study questionnaires. More of the participants believed they had enough information after the intervention (95% after intervention vs 70% before the intervention). Reasons for choosing ERCB included being afraid of vaginal birth complications, having prior positive experience with cesarean, and convenience of knowing when the neonate will be born. Reasons for choosing a TOLAC included the personal importance of having a vaginal birth and that recovery is faster and easier. Few women cited concerns for their own safety and that of their newborns when choosing TOLAC. Discussion: Women were satisfied with the scripted counseling and found it useful in helping them make a birth mode decision. While the scripted counseling did not appear to influence preferred mode of birth, it appeared to help women follow through with the mode of birth they chose prenatally. (PsycInfo Database Record (c) 2024 APA, all rights reserved)","Journal

Peer Reviewed Journal",English,2016
158,Characterising the premonitory stage of migraine in children: A clinic-based study of 100 patients in a specialist headache service. [References].,,"Karsan, N

Prabhakar, P

Goadsby, P. J",The Journal of Headache and Pain,"Background: The premonitory stage of migraine attacks, when symptomatology outside of pain can manifest hours to days before the onset of the headache, is well recognised. Such symptoms have been reported in adults in a number of studies, and have value in predicting an impending headache. These symptoms have not been extensively studied in children. We aimed to characterise which, if any, of these symptoms are reported in children seen within a Specialist Headache Service. Methods: We reviewed clinic letters from the initial consultation of children and adolescents seen within the Specialist Headache Service at Great Ormond Street Hospital between 1999 and 2015 with migraine in whom we had prospectively assessed clinical phenotype data. We randomly selected 100 cases with at least one premonitory symptom recorded in the letter. For these patients, the age at headache onset, presence of family history of headache, headache diagnosis, presence of episodic syndromes which may be associated with headache, developmental milestones, gestation at birth, mode of delivery and presence of premonitory symptoms occurring before or during headache were recorded. Results: Of the 100 patients selected, 65 % were female. The age range of the patients was 18 months to 15 years at the time of headache onset. The most common diagnosis was chronic migraine in 58 %, followed by episodic migraine (29 %), New Daily Persistent Headache with migrainous features (8 %) and hemiplegic migraine (5 %). A history of infantile colic was noted in 31 % and was the most common childhood episodic syndrome associated with migraine. The most common premonitory symptoms recorded were fatigue, mood change and neck stiffness. The commonest number of reported premonitory symptoms was two. Conclusion: Premonitory symptoms associated with migraine are reported in children as young as 18 months, with an overall clinical phenotype comparable to adults. Better documentation of this stage will aid parents and clinicians to better understand the phenotype of attacks, better recognise migraine and thus initiate appropriate management. Larger studies with a broader base are warranted to understand the extent and implications of these symptoms for childhood and adolescent migraine. (PsycInfo Database Record (c) 2022 APA, all rights reserved)","Journal

Peer Reviewed Journal",English,2016
159,Perinatal risk factors associated with the obstructive sleep apnea syndrome in school-aged children born preterm. [References].,https://dx.doi.org/10.5665/sleep.5618,"Tapia, Ignacio E

Shults, Justine

Doyle, Lex W

Nixon, Gillian M

Cielo, Christopher M

Traylor, Joel

Marcus, Carole L",Sleep: Journal of Sleep and Sleep Disorders Research,"Study Objectives: The obstructive sleep apnea syndrome (OSAS) is more prevalent in ex-preterm children compared to the general pediatric population. However, it is unknown whether OSAS in ex-preterm children is associated with specific perinatal risk factors. This multicenter cohort study aimed to determine perinatal factors associated with OSAS at school age. Methods: 197 ex-preterm (500-1,250 g) children aged 5-12 y who participated as neonates in a double-blind, randomized clinical trial of caffeine versus placebo (Caffeine for Apnea of Prematurity) underwent comprehensive ambulatory polysomnography. A negative binomial regression model was used to identify perinatal risk factors associated with OSAS. Results: 19 children had OSAS (9.6%). Chorioamnionitis and multiple gestation were positively associated with OSAS with P values of 0.014 and 0.03, respectively. Maternal white race (P = 0.047) and maternal age (P = 0.002) were negatively associated with OSAS. Other risk factors, such as birth weight, Apgar score at 5 min, antenatal corticosteroids, delivery route, and sex were not significant. Conclusions: OSAS is very frequent, and is associated with chorioamnionitis and multiple gestation in ex-preterm children. Those born to older white mothers appear to be protected. We speculate that the former may be due to systemic inflammation and the latter to a higher socio-economic status. (PsycInfo Database Record (c) 2022 APA, all rights reserved)","Journal

Peer Reviewed Journal",English,2016
160,Labour and delivery interventions in women with intellectual and developmental disabilities: A population-based cohort study.,https://dx.doi.org/10.1136/jech-2015-206426,"Brown, Hilary K

Kirkham, Yolanda A

Cobigo, Virginie

Lunsky, Yona

Vigod, Simone N",Journal of Epidemiology and Community Health,"Background: Our objectives were to: (1) examine the occurrence of labour induction, caesarean section, and operative vaginal delivery in women with intellectual and developmental disabilities compared to those without and (2) determine whether pre-pregnancy health conditions and pregnancy complications explain any elevated occurrence of these interventions. Methods: We conducted a population-based study using linked Ontario (Canada) administrative data. We identified deliveries to women with (N = 3932) and without (N = 382 774) intellectual and developmental disabilities (2002-2011). Modified Poisson regression was used to estimate adjusted relative risks (aRR) and 95% CIs for interventions, controlling for sociodemographic characteristics. We used generalised estimating equations to determine whether pre-pregnancy health conditions and pregnancy complications explained any statistically significantly elevated aRRs. Results: After controlling for socio-demographic characteristics, women with intellectual and developmental disabilities were more likely to have labour inductions (aRR, 1.13; 95% CI 1.06 to 1.20) and caesarean sections (aRR, 1.09; 95% CI 1.03 to 1.16) but not operative vaginal deliveries, compared to the referent group. Pre-pregnancy health conditions explained 12.9% of their elevated aRR for labour induction. Pre-pregnancy health conditions and maternal complications explained 27.8% and 13.3%, respectively, of their elevated aRR for caesarean section. Conclusions: Women with intellectual and developmental disabilities are slightly more likely to have labour inductions and caesarean sections than women without intellectual and developmental disabilities. The elevated occurrence of these interventions is not fully explained by their pre-pregnancy health conditions or pregnancy complications. Non-medical issues should be evaluated for their influence on the timing of labour and delivery in this population. (PsycInfo Database Record (c) 2022 APA, all rights reserved)","Journal

Peer Reviewed Journal",English,2016
161,"Association of perinatal risk factors with obsessive-compulsive disorder: A population-based birth cohort, sibling control study. [References].",https://dx.doi.org/10.1001/jamapsychiatry.2016.2095,"Brander, Gustaf

Rydell, Mina

Kuja-Halkola, Ralf

de la Cruz, Lorena Fernandez

Lichtenstein, Paul

Serlachius, Eva

Ruck, Christian

Almqvist, Catarina

D'Onofrio, Brian M

Larsson, Henrik

Mataix-Cols, David",JAMA Psychiatry,"Importance: Perinatal complications may increase the risk of obsessive-compulsive disorder (OCD). Previous reports were based on small, retrospective, specialist clinic-based studies that were unable to rigorously control for unmeasured environmental and genetic confounding. Objective: To prospectively investigate a wide range of potential perinatal risk factors for OCD, controlling for unmeasured factors shared between siblings in the analyses. Design, Setting and Participants: This population-based birth cohort study included all 2421284 children from singleton births in Sweden from January 1, 1973, to December 31, 1996, who were followed up through December 31, 2013. From the 1403651 families in the cohort, differentially exposed siblings from the 743885 families with siblings were evaluated; of these, 11592 families included clusters of full siblings that were discordant for OCD. Analysis of the data was conducted from January, 26, 2015, to September, 5, 2016. Exposures: Perinatal data were collected from the Swedish Medical Birth Register and included maternal smoking during pregnancy, labor presentation, obstetric delivery, gestational age (for preterm birth), birth weight, birth weight in relation to gestational age, 5-minute Apgar score, and head circumference. Main Outcomes and Measures: Previously validated OCD codes (International Statistical Classification of Diseases and Health Related Problems, Tenth Revision, code F42) in the Swedish National Patient Register. Results: Of 2421284 individuals included in the cohort, 17305 persons were diagnosed with OCD. Of these, 7111 were men (41.1%). The mean (SD) age of individuals at first diagnosis of OCD was 23.4 (6.5) years. An increased risk for OCD remained after controlling for shared familial confounders and measured covariates (including sex, year of birth, maternal and paternal age at birth, and parity), for smoking 10 or more cigarettes per day during pregnancy (hazard ratio [HR], 1.27; 95% CI, 1.02-1.58), breech presentation (HR, 1.35; 95% CI, 1.06-1.71), delivery by cesarean section (HR, 1.17; 95% CI, 1.01-1.34), preterm birth (HR, 1.24; 95% CI, 1.07-1.43), birth weight 1501 to 2500 g (HR, 1.30; 95% CI, 1.05-1.62) and 2501 to 3500 g (HR, 1.08; 95% CI, 1.01-1.16), being large for gestational age (HR, 1.23; 95% CI, 1.05-1.45), and Apgar distress scores at 5 minutes (HR, 1.50; 95% CI, 1.07-2.09). Gestational age and birth weight followed inverse dose-response associations, whereby an increasingly higher risk for OCD was noted in children with a shorter gestational age and lower birth weight. We also observed a dose-response association between the number of perinatal events and increased OCD risk, with HRs ranging from 1.11 (95% CI, 1.07-1.15) for 1 event to 1.51 (95% CI, 1.18-1.94) for 5 or more events. Conclusions and Relevance: A range of perinatal risk factors is associated with a higher risk for OCD independent of shared familial confounders, suggesting that perinatal risk factors may be in the causal pathway to OCD. (PsycInfo Database Record (c) 2022 APA, all rights reserved)","Journal

Peer Reviewed Journal",English,2016
162,Spousal military deployment during pregnancy and adverse birth outcomes. [References].,https://dx.doi.org/10.7205/MILMED-D-14-00371,"Spieker, Amy

Schiff, Melissa A

Davis, Beth E",Military Medicine,"Pregnant women with a military-deployed spouse have increased risk of depression and self-reported stress. In nonmilitary populations, depression and stress during pregnancy are associated with adverse birth outcomes. This study assesses the association between a spouse's military deployment and adverse birth outcomes. We conducted a retrospective cohort study at a large military medicine center in the Northwest and evaluated records of singleton deliveries to dependent Army spouses from September 2001 to September 2011. We used logistic regression to estimate relative risks and 95% confidence intervals (CI) of the associations between deployment and low birth weight (<2,500 g), preterm delivery (<37 weeks), small for gestational age (SGA, <10 percentile for gestational age), and cesarean delivery. We identified 10,536 births; 1,364 (12.9%) spouses were deployed at delivery. No associations were observed in the overall population. Among women with two or more children, we observed an 81% increased risk of SGA (95% CI 1.18-2.79). Women 30 to 34 years old had an 82% (95% CI 1.06-3.14) increased risk of low birth weight and an 84% increased risk of SGA (95% CI 1.13-2.98). Deployment's effects vary by maternal age and the number of children in the household. These findings may inform programs and practitioners to best serve women with military-deployed spouses. (PsycInfo Database Record (c) 2021 APA, all rights reserved)","Journal

Peer Reviewed Journal",English,2016
163,Pelvic floor muscle strength in primiparous women according to the delivery type: Cross-sectional study. [References].,,"Mendes, Edilaine de Paula Batista

de Oliveira, Sonia Maria Junqueira Vasconcellos

Caroci, Adriana de Souza

Francisco, Adriana Amorim

Oliveira, Sheyla Guimaraes

da Silva, Renata Luana",Revista Latino-Americana de Enfermagem,"Objectives: to compare the pelvic floor muscle strength in primiparous women after normal birth and cesarean section, related to the socio-demographic characteristics, nutritional status, dyspareunia, urinary incontinence, perineal exercise in pregnancy, perineal condition and weight of the newborn. Methods: this was a cross-sectional study conducted after 50 - 70 postpartum days, with 24 primiparous women who underwent cesarean delivery and 72 who had a normal birth. The 9301 PeritronTM was used for analysis of muscle strength. The mean muscle strength was compared between the groups by two-way analysis of variance. Results: the pelvic floor muscle strength was 24.0 cmH2O (+/-16.2) and 25.4 cmH2O (+/-14.7) in postpartum primiparous women after normal birth and cesarean section, respectively, with no significant difference. The muscular strength was greater in postpartum women with >= 12 years of study (42.0 +/- 26.3 versus 14.6 +/- 7.7 cmH2O; p = 0.036) and in those who performed perineal exercises (42.6 +/- 25.4 11.8 +/- 4.9 vs. cmH2O; p = 0.010), compared to caesarean. There was no difference in muscle strength according to delivery type regarding nutritional status, dyspareunia, urinary incontinence, perineal condition or newborn weight. Conclusion: pelvic floor muscle strength does not differ between primiparous women based on the type of delivery. Postpartum women with normal births, with higher education who performed perineal exercise during pregnancy showed greater muscle strength. (PsycInfo Database Record (c) 2021 APA, all rights reserved)","Journal

Peer Reviewed Journal",English,2016
164,Gestational weight gain and breastfeeding outcomes in group prenatal care. [References].,https://dx.doi.org/10.1111/jmwh.12484,"Brumley, Jessica

Cain, M. Ashley

Stern, Marilyn

Louis, Judette M",Journal of Midwifery & Women's Health,"Introduction: This study sought to examine the differences in pregnancy outcomes with a focus on gestational weight gain for women attending group prenatal care compared to standard individual prenatal care. Methods: A matched case-control study was conducted including 65 women who chose group care and 130 women who chose standard individual care. Women were matched based on prepregnancy body mass index (BMI) category, eligibility for midwifery care, and age within 5 years. Results: Women choosing group prenatal care and women choosing standard individual care had similar gestational weight gain, birth weight, gestational age at birth, and mode of birth. Women choosing group prenatal care did have a significantly higher rate of exclusive breastfeeding at 6 weeks postpartum (odds ratio [OR], 4.07; 95% confidence interval [CI], 1.81-9.15; P < .001) than women choosing individual care. Discussion: Group prenatal care participation resulted in equivalent gestational weight gain as well as pregnancy outcomes as compared to standard individual care. Breastfeeding rates were improved for women choosing group prenatal care. Randomized controlled trials are needed in order to eliminate selection bias. (PsycInfo Database Record (c) 2021 APA, all rights reserved)","Journal

Peer Reviewed Journal",English,2016
165,"Demographic, maternal, and infant health correlates of post-partum depression in Jordan. [References].",https://dx.doi.org/10.1111/nhs.12268,"Safadi, Reema R

Abushaikha, Lubna A

Ahmad, Muayyad M",Nursing & Health Sciences,"This cross-sectional correlational study examined post-partum depression and its relationship with demographic, maternal, and infant health problems in urban Jordanian women. Participants (n = 315) were selected from five maternal child healthcare centers and one major hospital in Amman, Jordan. Patient Health Questionnaire-9 was used to measure post-partum depression within 12 weeks of birth. A number of socio-demographic and health problems were examined for an association with post-partum depression. Results showed that 25% of post-partum women suffered moderate to severe depression and 50% of the sample had mild depression. None of the socio-demographic variables (age, education, employment, income) were significantly related to post-partum depression; however, two obstetric/infant variables (mode of birth and breastfeeding), were significantly associated with post-partum depression. There was a significant association between post-partum depression and 15 health problems of obstetric, gynecologic (i.e. episiotomy pain, infection), and general health conditions (i.e. fatigue, headache). Nurses and midwives need to emphasize post-partum depression screening, follow-up, and proper management of maternal and infant health factors predisposing to post-partum depression rather than merely focusing on women's inherent demographic factors. (PsycInfo Database Record (c) 2021 APA, all rights reserved)","Journal

Peer Reviewed Journal",English,2016
166,Community outreach midwifery-led model improves antenatal access in a disadvantaged population. [References].,https://dx.doi.org/10.1111/ajr.12249,"Reeve, Carole

Banfield, Sally

Thomas, Amanda

Reeve, David

Davis, Stephanie",The Australian Journal of Rural Health,"Objective: This study aimed to assess the impact of a new model of antenatal care for women living in a very remote area. Design: This is a retrospective 2-year evaluation of antenatal care. Setting and participants: Two hundred thirteen pregnant women in Aboriginal communities in the Fitzroy Valley of Western Australia participated in this study. Intervention: The implementation of a midwifery-led interdisciplinary model of antenatal outreach care. Main outcome measures: The indicators measured were numbers of antenatal visits, their location and quality care indicators (presentation in first trimester, alcohol and smoking, ultrasound and blood-borne virus screening) and outcome indicators (birth weight, prematurity, in utero deaths and mode of delivery). Results: There was an increase in access to antenatal care and improvements in quality-of-care indicators. The proportion of visits provided in local Aboriginal communities increased from 10% to 24%. There were statistically significant increases in women presenting in the first trimester (40-58%), screening for alcohol and smoking (48-93%) and having an ultrasound in pregnancy (59-94%). There were no significant improvements in neonatal outcome indicators. Conclusion: There is a large disparity in maternal and child health outcomes between Aboriginal and Torres Strait Islander (Indigenous) and non-Indigenous Australians thought to be due to decreased access to antenatal care, poorer socioeconomic status and the associated risk factors. The change in model of care resulted in earlier presentation for antenatal care, increased numbers of antenatal visits and increased screening for risk factors. Regular auditing of services enables the identification of opportunity for improvement with the goal of improving health outcomes. (PsycInfo Database Record (c) 2021 APA, all rights reserved)","Journal

Peer Reviewed Journal",English,2016
167,Changing societal and lifestyle factors and breastfeeding patterns over time. [References].,,"Logan, Chad

Zittel, Tatjana

Striebel, Stefanie

Reister, Frank

Brenner, Hermann

Rothenbacher, Dietrich

Genuneit, Jon",Pediatrics,"Background: Breastfeeding is an important determinant of early infant immune function and potentially future health. Although numerous studies have reported rising breastfeeding initiation rates and duration, few longitudinally investigated the impact of shifting societal and lifestyle factors on breastfeeding patterns in developed nations. Methods: The Ulm Birth Cohort Study (UBCS) and Ulm SPATZ Health Study (SPATZ) cohorts consist of newborns and their mothers recruited, respectively, from 2000 to 2001 and 2012 to 2013 at the University Medical Center Ulm, Germany. Cox proportional hazards models were used to estimate crude and mutually adjusted hazard ratios for study effect (time trend) and individual risk factors on noninitiation and duration of predominant and total breastfeeding. Results: Compared with UBCS mothers, SPATZ mothers had lower cessation rates of both predominant breastfeeding by 4 months and total breastfeeding by 6 months: hazard ratio (95% confidence interval) 0.79 (0.67-0.93) and 0.71 (0.60-0.82), respectively. However, this crude time trend was limited to mothers with higher educational achievement. Similar time trend effects were observed among less educated mothers only after adjustment for early cessation risk factors. Mutually adjusted hazard ratios for individual risk factors were similar in both studies: low education, high BMI, smoking within 6 weeks of delivery, and cesarean delivery were associated with early breastfeeding cessation beginning at 6 weeks. In addition, actively abstaining from drinking alcohol was associated with lower rates of early cessation. Conclusions: Our results suggest widening socioeconomic disparity in breastfeeding and potentially subsequent child health, which may require new targeted interventions. (PsycInfo Database Record (c) 2021 APA, all rights reserved)","Journal

Peer Reviewed Journal",English,2016
168,Early life events and motor development in childhood and adolescence: A longitudinal study. [References].,https://dx.doi.org/10.1111/apa.13302,"Grace, Tegan

Bulsara, Max

Robinson, Monique

Hands, Beth",Acta Paediatrica,"Aim: Few studies have reported on early life risk factors for motor development outcomes past childhood. Antenatal, perinatal and neonatal factors affecting motor development from late childhood to adolescence were explored. As sex differences in motor development have been previously reported, males and females were examined separately. Methods: Participants (n = 2868) were from the Western Australian Pregnancy Cohort Study. Obstetric and neonatal data were examined to determine factors related to motor development at 10 (n = 1622), 14 (n = 1584) and 17 (n = 1221) years. The Neuromuscular Development Index (NDI) of the McCarron Assessment of Motor Development determined offspring motor proficiency. Linear mixed models were developed to allow for changes in motor development over time. Results: Maternal pre-eclampsia, Caesarean section and low income were negatively related to male and female motor outcomes. Lower percentage of optimal birthweight was related to a lower male NDI. Younger maternal age, smoking during early pregnancy and stress during later pregnancy were related to lower female NDIs. Conclusion: Events experienced during pregnancy were related to motor development into late adolescence. Males and females were influenced differently by antenatal and perinatal risk factors; this may be due to sex-specific developmental pathways. (PsycInfo Database Record (c) 2021 APA, all rights reserved)","Journal

Peer Reviewed Journal",English,2016
169,Feeding neonates by cup: A systematic review of the literature. [References].,https://dx.doi.org/10.1007/s10995-016-1961-9,"McKinney, Christy M

Glass, Robin P

Coffey, Patricia

Rue, Tessa

Vaughn, Matthew G

Cunningham, Michael",Maternal and Child Health Journal,"Objective: WHO and UNICEF recommend cup feeding for neonates unable to breastfeed in low-resource settings. In developed countries, cup feeding in lieu of bottle feeding in the neonatal period is hypothesized to improve breastfeeding outcomes for those initially unable to breastfeed. Our aim was to synthesize the entire body of evidence on cup feeding. Methods: We searched domestic and international databases for original research. Our search criteria required original data on cup feeding in neonates published in English between January 1990 and December 2014. Results: We identified 28 original research papers. Ten were randomized clinical trials, 7 non-randomized intervention studies, and 11 observational studies; 11 were conducted in developing country. Outcomes evaluated included physiologic stability, safety, intake, duration, spillage, weight gain, any and exclusive breastfeeding, length of hospital stay, compliance, and acceptability. Cup feeding appears to be safe though intake may be less and spillage greater relative to bottle or tube feeding. Overall, slightly higher proportions of cup fed versus bottle fed infants report any breastfeeding; a greater proportion of cup fed infants reported exclusive breastfeeding at discharge and beyond. Cup feeding increases breastfeeding in subgroups (e.g. those who intend to breastfeed or women who had a Caesarean section). Compliance and acceptability is problematic in certain settings. Conclusions: Further research on long-term breastfeeding outcomes and in low-resource settings would be helpful. Research data on high risk infants (e.g. those with cleft palates) would be informative. Innovative cup feeding approaches to minimize spillage, optimize compliance, and increase breastfeeding feeding are needed. (PsycInfo Database Record (c) 2021 APA, all rights reserved)","Journal

Peer Reviewed Journal",English,2016
170,Modeling the cost-effectiveness of doula care associated with reductions in preterm birth and cesarean delivery. [References].,https://dx.doi.org/10.1111/birt.12218,"Kozhimannil, Katy B

Hardeman, Rachel R

Alarid-Escudero, Fernando

Vogelsang, Carrie A

Blauer-Peterson, Cori

Howell, Elizabeth A",Birth: Issues in Perinatal Care,"Background: One in nine US infants is born before 37 weeks' gestation, incurring medical costs 10 times higher than full-term infants. One in three infants is born by cesarean; cesarean births cost twice as much as vaginal births. We compared rates of preterm and cesarean birth among Medicaid recipients with prenatal access to doula care (nonmedical maternal support) with similar women regionally. We used data on this association to mathematically model the potential cost-effectiveness of Medicaid coverage of doula services. Methods: Data came from two sources: all Medicaid-funded, singleton births at hospitals in the West North Central and East North Central US (n = 65,147) in the 2012 Nationwide Inpatient Sample, and all Medicaid-funded singleton births (n = 1,935) supported by a community-based doula organization in the Upper Midwest from 2010 to 2014. We analyzed routinely collected, de-identified administrative data. Multivariable regression analysis was used to estimate associations between doula care and outcomes. A probabilistic decision-analytic model was used for cost-effectiveness estimates. Results: Women who received doula support had lower preterm and cesarean birth rates than Medicaid beneficiaries regionally (4.7 vs 6.3%, and 20.4 vs 34.2%). After adjustment for covariates, women with doula care had 22 percent lower odds of preterm birth (AOR 0.77 [95% CI 0.61-0.96]). Cost-effectiveness analyses indicate potential savings associated with doula support reimbursed at an average of $986 (ranging from $929 to $1,047 across states). Conclusions: Based on associations between doula care and preterm and cesarean birth, coverage reimbursement for doula services would likely be cost saving or cost-effective for state Medicaid programs. (PsycInfo Database Record (c) 2021 APA, all rights reserved)","Journal

Peer Reviewed Journal",English,2016
171,Determinants of brain-derived neurotrophic factor (BDNF) in umbilical cord and maternal serum. [References].,https://dx.doi.org/10.1016/j.psyneuen.2015.09.028,"Flock, A

Weber, S. K

Ferrari, N

Fietz, C

Graf, C

Fimmers, R

Gembruch, U

Merz, W. M",Psychoneuroendocrinology,"[Correction Notice: An Erratum for this article was reported in Vol 78 of Psychoneuroendocrinology (see record 2017-13583-037). The authors regret the fact that the original article contains errors in data. (a) All BDNF serum concentrations (umbilical cord and maternal serum) mentioned in the publication should read fourfold higher. This applies to the abstract, results section, Table 2 and Figs. 1 and 2. Analyses and conclusions remain valid in their entirety. (b) The correct unit for BDNF is pg/mL. This relates to the abstract and results section.] Objective: Brain-derived neurotrophic factor (BDNF) plays a fundamental role in brain development; additionally, it is involved in various aspects of cerebral function, including neurodegenerative and psychiatric diseases. Involvement of BDNF in parturition has not been investigated. The aim of our study was to analyze determinants of umbilical cord BDNF (UC-BDNF) concentrations of healthy, term newborns and their respective mothers. Methods: This cross-sectional prospective study was performed at a tertiary referral center. Maternal venous blood samples were taken on admission to labor ward; newborn venous blood samples were drawn from the umbilical cord (UC), before delivery of the placenta. Analysis was performed with a commercially available immunoassay. Univariate analyses and stepwise multivariate regression models were applied. Results: 120 patients were recruited. UC-BDNF levels were lower than maternal serum concentrations (median 641 ng/mL, IQR 506 vs. median 780 ng/mL, IQR 602). Correlation between UC- and maternal BDNF was low (R = 0.251, p = 0.01). In univariate analysis, mode of delivery (MoD), gestational age (GA), body mass index at delivery, and gestational diabetes were determinants of UC-BDNF (MoD and smoking for maternal BDNF, respectively). Stepwise multivariate regression analysis revealed a model with MoD and GA as determinants for UC-BDNF (MoD for maternal BDNF). Conclusions: MoD and GA at delivery are determinants of circulating BDNF in the mother and newborn. We hypothesize that BDNF, like other neuroendocrine factors, is involved in the neuroendocrine cascade of delivery. Timing and mode of delivery may exert BDNF-induced effects on the cerebral function of newborns and their mothers. (PsycInfo Database Record (c) 2021 APA, all rights reserved)","Journal

Peer Reviewed Journal",English,2016
172,Maternal body mass index and adverse pregnancy outcomes: A Ghanaian cohort study. [References].,,"Van Der Linden, Eva L

Browne, Joyce L

Vissers, Karin M

Antwi, Edward

Agyepong, Irene A

Grobbee, Diederick E

Klipstein-Grobusch, Kerstin",Obesity,"Objective: To examine the association between maternal weight at <17 weeks gestation and maternal and infant outcomes of pregnancy, delivery, and the postpartum period in pregnant Ghanaian women. Methods: A prospective cohort study of 1,000 women in Accra, Ghana (2012-2014), was conducted. Women were classified as having overweight (BMI 25-30) and obesity (BMI >=30), and their obstetric and infant outcomes were analyzed using multivariate logistic regression. Results: The analysis included 824 women, average 28 years (SD 5.1); 313 (31.3%) had overweight and 169 (16.9%) obesity. Women with obesity had a two-fold increased risk for cesarean sections (RR 2.20, 95% CI 1.21-4.02) and more than a six-fold higher risk for pregnancy-induced hypertension (RR 6.17, 95% CI 2.90-13.13) and chronic hypertension (RR 6.00, 95% CI 1.40-25.76). Infants of women with overweight or obesity were more likely to be macrosomic (RR 2.37, 95% CI 1.13-4.97). Conclusions: The global obesity epidemic has reached women in low- and middle-income countries (LMIC) with important adverse consequences for maternal and infant health. Antenatal care in LMIC will need to anticipate this potential expansion of complications, including the development of guidelines for optimal maternity care for pregnant women with overweight and obesity. (PsycInfo Database Record (c) 2021 APA, all rights reserved)","Journal

Peer Reviewed Journal",English,2016
173,Factors influencing exclusive breastfeeding in early infancy: A prospective study in North Central Nigeria. [References].,https://dx.doi.org/10.1007/s10995-015-1835-6,"Balogun, Olukunmi O

Kobayashi, Satomi

Anigo, Kola M

Ota, Erika

Asakura, Keiko

Sasaki, Satoshi",Maternal and Child Health Journal,"Purpose: To determine the association between prenatal exclusive breastfeeding intentions and exclusive breastfeeding (EBF) and explore other factors associated with EBF until 3 months postpartum among mothers residing in suburban parts of the Federal Capital Territory, Abuja Nigeria. Description: This longitudinal observational study involved the recruitment of 210 pregnant women who were prospectively followed until 3 months postpartum. Participants were recruited from antenatal clinics attached to four separate public secondary health facilities located in the suburban parts of Abuja. Cox regression hazards model was used to determine the risk of EBF cessation at 3 months postpartum. Assessment: Over 70.0 % of women had strong intention to exclusively breastfeed. The risk of exclusive breastfeeding cessation was significantly lower in women with strong exclusive breastfeeding intentions (HR 0.87, 95 % CI 0.8-0.95). Other risk factors for cessation of exclusive breastfeeding were pre-lacteal feed administration (HR 2.93 95 % CI 1.49-5.77) and mode of delivery (HR 0.17 95 % CI 0.04-0.67). Higher maternal age (>= 35 years), religion (Muslim) and having an unplanned pregnancy lowered the likelihood of having a strong intention to exclusively breastfeed an infant. Conclusions: Prenatal exclusive breastfeeding intention was a strong predictor of exclusive breastfeeding. Intentions to EBF were further explained by maternal characteristics. Effective promotion of exclusive breastfeeding during prenatal period should also target factors influencing breastfeeding intentions. Additional research is warranted into the influence of maternal attitudes and self-efficacy about breastfeeding on breastfeeding intentions and practice. (PsycInfo Database Record (c) 2021 APA, all rights reserved)","Journal

Peer Reviewed Journal",English,2016
174,From postimpact to reconstruction: Considerations when treating traumatized child and adolescent clients. [References].,https://dx.doi.org/10.1007/s10879-015-9299-y,"Legerski, John-Paul

King, Alan",Journal of Contemporary Psychotherapy: On the Cutting Edge of Modern Developments in Psychotherapy,"Longitudinal data analyses have revealed that children and adolescents may encounter several distinct recovery stages and trajectories following exposure to a traumatic event. As recent dissemination efforts have increased the availability of training in various empirically-supported treatments, mental health service providers may struggle to identify among these approaches a treatment that is best suited to address the needs of an individual client. Treatment planning should take into consideration the severity of distress symptoms, as well as the timing, mode of delivery, and the setting of intervention. In this paper we provide an overview of assessment and emerging treatment approaches that can be used across various phases of recovery. We also identify a framework for making treatment decisions based on existing research. Finally, we propose next steps for research and practice in the area of treating traumatized children and adolescents. (PsycInfo Database Record (c) 2025 APA, all rights reserved)","Journal

Peer Reviewed Journal",English,2015
175,Removing user fees for facility-based delivery services: A difference-in-differences evaluation from ten sub-Saharan African countries. [References].,,"McKinnon, Britt

Harper, Sam

Kaufman, Jay S

Bergevin, Yves",Health Policy and Planning,"Background: Several countries in sub-Saharan Africa have recently adopted policies that remove user fees for facility-based delivery services. There is little rigorous evidence of the impact of these policies on utilization of delivery services and no evaluations have examined effects on neonatal mortality rates (NMR). In this article, we estimate the causal effect of removing user fees on the proportion of births delivered in facilities, the proportion of births delivered by Caesarean section, and NMR. Methods: We used data from Demographic and Health Surveys conducted in 10 African countries between 1997 and 2012. Kenya, Ghana and Senegal adopted policies removing user fees for facility-based deliveries between 2003 and 2007, while seven other countries not changing user fee policies were used as controls. We used a difference-in-differences (DD) regression approach to control for secular trends in the outcomes that are common across countries and for time invariant differences between countries. Results: According to covariate-adjusted DD models, the policy change was consistent with an increase of 3.1 facility-based deliveries per 100 live births (95% confidence interval (CI): 0.9, 5.2) and an estimated reduction of 2.9 neonatal deaths per 1000 births (95% CI: -6.8, 1.0). In relative terms, this corresponds to a 5% increase in facility deliveries and a 9% reduction in NMR. There was no evidence of an increase in Caesarean deliveries. We examined lead and lag-time effects, finding evidence that facility deliveries continued to increase following fee removal. Conclusions: Our findings suggest removing user fees increased facility-based deliveries and possibly contributed to a reduction in NMR. Evidence from this evaluation may be useful to governments weighing the potential benefits of removing user fees. (PsycInfo Database Record (c) 2025 APA, all rights reserved)","Journal

Peer Reviewed Journal",English,2015
176,Sociodemographic features and treatments of pregnant psychiatric inpatients in an university hospital: A retrospective chart review. [References].,https://dx.doi.org/10.5350/DAJPN2015280201,"Ozdin, Selcuk

Boke, Omer

Kocak, Merve Bilgin",Dusunen Adam: Journal of Psychiatry and Neurological Sciences,"Objective: In this study, the sododemographic characteristics of and treatment methods applied to pregnant inpatients were investigated. Method: Forty three inpatients, have been included to the study. The sociodemographic data, diagnoses and applied treatments as well as the individual treatment response information were extracted, sorted out and analysed. Results: Diagnosis for nearly half of the women was psychotic disorder (44.2%;19/43). Patients with the diagnosis of a psychotic disorder had been hospitalized longer than the patients with a diagnosis of anxiety and somatoform disorder were. Thirty four of 43 patients (79%) have had psychiatric disorders before pregnancy. Haloperidol was the most frequently used psychotropic drug for the treatment of psychotic disorders and bipolar manic episodes. In 26% of patients, delivery was carried out through cesarean section during hospitalization. Conclusions: In conclusion, it was found that a significant portion of pregnant inpatients have been suffering from a psychiatric disorder before conception. The remarkable ratio of deliveries, which happened during the hospitalization in psychiatry clinics and lack of medically complicated babies, show that the psychiatry services, beyond treatment of psychiatric illnesses, could serve as a secure place for expected mothers and babies prenatally. (PsycInfo Database Record (c) 2024 APA, all rights reserved)","Journal

Peer Reviewed Journal",English,2015
177,"Atopic dermatitis is associated with Caesarean sections in Korean adolescents, but asthma is not. [References].",,"Yu, Mi

Han, Kyungdo

Kim, Do Hoon

Nam, Ga Eun",Acta Paediatrica,"Aim: Studies on the associations between mode of delivery and allergic diseases have produced different results, and research has rarely been conducted in Asian countries such as South Korea. This study assessed the relationship between mode of delivery and atopic dermatitis and asthma in Korean adolescents. Methods: Data collected from the Korea National Health and Nutrition Examination Survey between 2010 and 2011 were used. We included 1302 adolescents aged from 12 to 18 years, and multivariable logistic regression analysis was performed. Results: The odds ratio (OR) of having atopic dermatitis in adolescents born by Caesarean section compared with vaginal delivery was 1.50, with a 95% confidence interval (95% CI) of 1.01-2.22, after adjusting for age and sex. The association remained significant after further adjustments for body mass index, breastfeeding and serum 25-hydroxyvitamin D level (OR = 1.61, 95% CI = 1.05-2.47) and when fat intake was added to those variables (OR = 1.80, 95% CI = 1.14-2.85). However, asthma was not associated with mode of delivery in any of the models. Conclusions: Atopic dermatitis in adolescents was associated with Caesarean delivery, which is common in South Korea. The findings suggest that the frequency of this practice should be reconsidered and that further research with longitudinal evaluation of relevant mechanisms is needed. (PsycInfo Database Record (c) 2022 APA, all rights reserved)","Journal

Peer Reviewed Journal",English,2015
178,Maternal physical health symptoms in the first 8 weeks postpartum among primiparous Australian women. [References].,https://dx.doi.org/10.1111/birt.12168,"Cooklin, Amanda R

Amir, Lisa H

Jarman, Jennifer

Cullinane, Meabh

Donath, Susan M",Birth: Issues in Perinatal Care,"Background: To describe prospectively the extent, onset, and persistence of maternal physical health symptoms (cesarean delivery pain, perineal pain, back pain, constipation, hemorrhoids, urinary incontinence, bowel incontinence, and fatigue) in the first 8 weeks postpartum. Methods: A prospective cohort of 229 primiparous women was recruited antenatally from a public and a private maternity hospital, Melbourne, Australia, between 2009 and 2011. Data were collected by self-report questionnaires at weeks 1, 2, 3, 4, and 8. Main outcome measures were a checklist of maternal health symptoms and a standardized assessment of fatigue symptoms. Results: Birth-related pain was common at week 1 (n = 80/88, 91% cesarean delivery pain; n = 92/125, 74% perineal pain), and still present for one in five women who had a cesarean birth (n = 17, 18%) at week 8. Back pain was reported by approximately half the sample at each study interval, with 25 percent (n = 48) reporting a later onset at week 2 or beyond. Fatigue was not relieved between 4 and 8 weeks. Conclusions: Women experience significant morbidity in the early weeks postpartum, the extent of which may have been underestimated in previous research relying on retrospective recall. Findings contribute to the growing body of evidence that supports early identification, treatment, and support for women's physical health problems in the postpartum. (PsycInfo Database Record (c) 2022 APA, all rights reserved)","Journal

Peer Reviewed Journal",English,2015
179,The prevalence of post-traumatic stress disorder among women with normal vaginal delivery in Zahedan city. [References].,https://dx.doi.org/10.12740/APP/37943,"Moghadam, Mahboubeh Firouzkouhi

Shamsi, Alireza

Moro, Fatemeh Hajizadeh",Archives of Psychiatry and Psychotherapy,"Aim: The study aimed to determine the prevalence of post-traumatic stress disorder (PTSD) among postpartum women in Zahedan city, Iran. Method: Data in this cross-sectional study were gathered from healthcare centres of Zahedan, a city in south-east Iran. Four-hundred women with childbirth experience over the past few months were selected; between 6 and 24 weeks had passed since their delivery. We used three questionnaires in order to evaluate the demographic data, PTSD symptoms and traumatic childbirth experience. Results: The mean parity was 3.40 +/- 2.55 children and the mean duration of pain was 19.44 +/- 9.16 hours. Overall, 7.8%, 36% and 0.5% of the subjects had a previous history of curettage, episiotomy and vacuum evacuation, respectively. In total, 32% of the participants showed PTSD symptoms. Prevalence of PTSD was not significantly associated with parity, pain duration, education level or employment status. Significant correlation with PTSD was found with the mode of delivery (P = 0.013), curettage (P = 0.005) and length of hospitalization. Also, prevalence of PTSD was substantially associated with the type of pregnancy (planned or unintended) (P = 0.011). Conclusion: Women with PTSD were not significantly different from those without PTSD in terms of parity, pain duration, education level or employment status. History of curettage, episiotomy and vacuum evacuation increased the incidence of PTSD in postpartum women. Moreover, unwanted pregnancy was more common among women with PTSD compared with normal subjects and length of hospitalization was longer. (PsycInfo Database Record (c) 2022 APA, all rights reserved)","Journal

Peer Reviewed Journal",English,2015
180,Pregnancy complications following prenatal exposure to SSRIs or maternal psychiatric disorders: Results from population-based national register data. [References].,,"Malm, Heli

Sourander, Andre

Gissler, Mika

Gyllenberg, David

Hinkka-Yli-Salomaki, Susanna

McKeague, Ian W

Artama, Miia

Brown, Alan S",The American Journal of Psychiatry,"Objective: Using national register data, the authors examined the relationship between prenatal selective serotonin reuptake inhibitor (SSRI) treatment and pregnancy complications, accounting for psychiatric diagnoses related to SSRI use. Method: This was a population-based prospective birth cohort study using national register data. The sampling frame included 845,345 offspring, representing all singleton live births in Finland between 1996 and 2010. Pregnancies were classified as exposed to SSRIs (N=15,729), unexposed to SSRIs but with psychiatric diagnoses (N=9,652), and unexposed to medications and psychiatric diagnoses (N=31,394). Pregnancy outcomes in SSRI users were compared with those in the unexposed groups. Results: Offspring of mothers who received SSRI prescriptions during pregnancy had a lower risk for late preterm birth (odds ratio=0.84, 95% CI=0.74-0.96), for very preterm birth (odds ratio=0.52, 95% CI=0.37-0.74), and for cesarean section (odds ratio=0.70, 95% CI=0.6620.75) compared with offspring of mothers unexposed to medications but with psychiatric disorders. In contrast, in SSRI-treated mothers, the risk was higher for offspring neonatal complications, including low Apgar score (odds ratio=1.68, 95% CI=1.34-2.12) and monitoring in a neonatal care unit (odds ratio=1.24, 95% CI=1.14-1.35). Compared with offspring of unexposed mothers, offspring of SSRI-treated mothers and mothers unexposed to medications but with psychiatric disorders were both at increased risk of many adverse pregnancy outcomes, including cesarean section and need for monitoring in a neonatal care unit. Conclusions: In a large national birth cohort, treatment of maternal psychiatric disorders with SSRIs during pregnancy was related to a lower risk of preterm birth and cesarean section but a higher risk of neonatal maladaptation. The findings provide novel evidence for a protective role of SSRIs on some deleterious reproductive outcomes, possibly by reducing maternal depressive symptoms. The divergent findings suggest that clinical decisions on SSRI use during pregnancy should be individualized, taking into account the mother's psychiatric and reproductive history. (PsycInfo Database Record (c) 2021 APA, all rights reserved)","Journal

Peer Reviewed Journal",English,2015
181,Identification and prediction of the fertile window using NaturalCycles. [References].,https://dx.doi.org/10.3109/13625187.2014.988210,"Scherwitzl, Elina Berglund

Hirschberg, Angelica Linden

Scherwitzl, Raoul",The European Journal of Contraception and Reproductive Health Care,"Objectives: The aim of the study was to evaluate the ability of a novel web and mobile application to identify a woman's ovulation day and fertile window, in order to use it as a method of natural birth control. Methods: A retrospective study was performed on 1501 cycles of 317 women aged 18 to 39 years. Women entered their basal body temperatures, ovulation test results and date of menstruation into the application. Results: The mean delay from the first positive ovulation test to the temperature-based estimation of the ovulation day was 1.9 days; the length of the luteal phase varied on average by 1.25 days per user. Only 0.05% of non-fertile days were falsely attributed and found within the fertile window. Conclusions: The method is effective at identifying a user's ovulation day and fertile window and can therefore be used as a natural method of birth control. (PsycInfo Database Record (c) 2021 APA, all rights reserved)","Journal

Peer Reviewed Journal",English,2015
182,Pregnancy complications associated with the co-prevalence of excess maternal weight and depression. [References].,https://dx.doi.org/10.1038/ijo.2015.119,"Lutsiv, O

McKinney, B

Foster, G

Taylor, V. H

Pullenayegum, E

McDonald, S. D",International Journal of Obesity,"Objectives: Obesity and depression have become prevalent pregnancy complications, individually associated with adverse perinatal health outcomes. Despite the co-prevalence of these two risk factors, their combined effects on maternal health are yet to be studied. The objective of this study was to examine the combined associations of overweight/obesity and depression with maternal and delivery complications. Methods: A retrospective cohort study of women with singleton gestations at > 20 weeks, in Ontario, Canada (April 2007 to March 2010), was conducted. Our primary outcomes were a composite of maternal complications (for example, gestational hypertension, pre-eclampsia, preterm premature rupture of membranes and so on), and a composite of delivery complications (for example, caesarean delivery, shoulder dystocia, postpartum haemorrhage and so on). Results: The study population consisted of 70 605 women, of whom 50.3% were overweight/obese. Depression was reported in 5.0% of normal-weight women and 6.2% of overweight/obese women. The proportion of women with maternal complications was the highest among the overweight/obese depressed pregnant women (16% of normal-weight non-depressed, 22% of normal-weight depressed, 22% of overweight/obese non-depressed and 29% of overweight/obese depressed, P < 0.001), as was the proportion of women with delivery complications (44%, 49%, 50% and 53%, respectively, P < 0.001). Overweight/obese depressed pregnant women also experienced the highest odds of the composite of maternal complications and the composite of delivery complications (adjusted odds ratio (OR): 1.55, 95% confidence interval (CI): 1.35-1.77 and OR: 1.27, 95% CI: 1.13-1.42, respectively) after adjustment for potential confounders. Conclusions: The combined associations of excess weight and depression with adverse pregnancy outcomes are important to recognize in order to focus counselling and care, both before and during pregnancy. (PsycInfo Database Record (c) 2021 APA, all rights reserved)","Journal

Peer Reviewed Journal",English,2015
183,Consultation about sexual health issues in the year after childbirth: A cohort study. [References].,https://dx.doi.org/10.1111/birt.12193,"McDonald, Ellie

Woolhouse, Hannah

Brown, Stephanie J",Birth: Issues in Perinatal Care,"Background: Postnatal sexual health remains underresearched. The main aims of this study were to investigate the prevalence of postnatal sexual health issues, and the extent to which primary care practitioners routinely inquire about sexual health issues. Method: 1,507 first time mothers were recruited in early pregnancy and followed up at 3, 6, and 12 months postpartum. Sexual health issues were assessed at every follow-up using a checklist. Results: Eighty-nine percent of women reported sexual health issues in the first 3 months postpartum. The most common sexual health issues at 3 months postpartum were: loss of interest in sex, pain during sex, vaginal tightness, and lack of lubrication. Fifty-one percent continued to report loss of interest in sex at 12 months postpartum, and around 30 percent reported persisting pain. Although most women had contact with primary care practitioners during the first 3 months postpartum, only 24 percent recalled being asked about sexual health issues by general practitioners and 14 percent by maternal and child health nurses. Women who had a cesarean delivery had equivalent or higher odds of reporting persisting sexual health issues, but had lower odds of being asked directly about sexual problems (OR 0.58 [95% CI 0.4-0.9]). Conclusions: Sexual health issues are extremely common after childbirth. There was no evidence that women who had a cesarean delivery experienced fewer sexual health problems. Despite frequent contact with health professionals, women rarely discussed sexual health issues unless health professionals asked them directly. Given the high prevalence of postpartum sexual health issues routine inquiry is warranted. (PsycInfo Database Record (c) 2021 APA, all rights reserved)","Journal

Peer Reviewed Journal",English,2015
184,"Cost-effectiveness analysis of latent versus active labor hospital admission for medically low-risk, term women. [References].",https://dx.doi.org/10.1111/birt.12179,"Tilden, Ellen L

Lee, Vanessa R

Allen, Allison J

Griffin, Emily E

Caughey, Aaron B",Birth: Issues in Perinatal Care,"Objective: To assess the outcomes and costs of hospital admission during the latent versus active phase of labor. Latent labor hospital admission has been consistently associated with elevated maternal risk for increased interventions, including epidural anesthesia and cesarean delivery, longer hospital stay, and higher utilization of hospital resources. Methods: A cost-effectiveness model was built to simulate a theoretic cohort of 3.2 million term, medically low-risk women either being admitted in latent labor (< 4 cm dilation) or delaying admission until active labor (>= 4 cm dilation). Outcomes included epidural use, mode of delivery, stillbirth, maternal death, and costs of care. All probability, cost, and utility estimates were derived from the literature, and total quality-adjusted life years were calculated. Sensitivity analyses and a Monte Carlo simulation were used to investigate the robustness of model assumptions. Results: Delaying admission until active labor would result in 672,000 fewer epidurals, 67,232 fewer cesarean deliveries, and 9.6 fewer maternal deaths in our theoretic cohort as compared to admission during latent labor. Additionally, delaying admission results in a cost savings of $694 million annually in the United States. Sensitivity analyses indicated the model was robust within a wide range of probabilities and costs. Monte Carlo simulation found that delayed admission was the optimal strategy in 76.79 percent of trials. Conclusion: Delaying admission until active labor is a dominant strategy, resulting in both better outcomes and lower costs. Issues related to clinical translation of these findings are explored. (PsycInfo Database Record (c) 2021 APA, all rights reserved)","Journal

Peer Reviewed Journal",English,2015
185,Risk factors for severe secondary postpartum hemorrhages: A historical cohort study. [References].,https://dx.doi.org/10.1111/birt.12175,"Debost-Legrand, Anne

Riviere, Olivier

Dossou, Mathieu

Vendittelli, Francoise",Birth: Issues in Perinatal Care,"Background: The predictive factors of secondary postpartum hemorrhage (PPH) are little known. Our principal objective was to determine if immediate PPH is a risk factor for severe secondary PPH. We also sought to identify other factors associated with severe secondary PPH. Methods: Our historical cohort study included all women who gave birth (>= 22 weeks) in our level III hospital from 2004 through 2013. The hospital discharge database enabled us to identify all women readmitted during the 42-day postpartum period or who underwent a surgical, medical, or interventional radiology procedure during their immediate postpartum hospitalization. We then examined all medical records to identify the cases involving severe secondary PPH. We studied the known risk factors of secondary PPH and assessed other potential ones: maternal age, multiple pregnancy, induction of labor, cesarean birth, preterm birth, and stillbirth. Results: The study included 63 women with a severe secondary PPH and 25,696 women without a secondary PPH. Immediate PPH (aOR 2.7 [95% CI 1.3-5.6]) and maternal age >= 35 years (aOR 2.0 [95% CI 1.1-3.7]) were the only factors associated with severe secondary PPH. Discussion: This cohort study confirms that immediate PPH is a risk factor for severe secondary PPH and reports for the first time an association between secondary PPH and advanced maternal age. It is likely that risk factors for immediate PPH are also risk factors for severe secondary PPH and thus that immediate PPH may be an intermediate factor between its own known risk factors and secondary PPH. (PsycInfo Database Record (c) 2021 APA, all rights reserved)","Journal

Peer Reviewed Journal",English,2015
186,Enhancing midwives' scope of practice: An innovative educational program for delivery suite operating rooms. [References].,https://dx.doi.org/10.3928/00220124-20151217-04,"Brown, Janie A

Dunning, Caroline F

Cavanagh, Debra

Cross, Leonie A",The Journal of Continuing Education in Nursing,"Background: This retrospective study examined the enhancement of practice, knowledge, and skill of delivery suite midwives undertaking the circulating and instrument roles during emergent caesarean sections following a tailored educational program implemented to the benchmark standard. Method: All midwives who attended the educational program were invited to participate (N = 48); a total of 20 responses were received. Descriptive data analysis of the bivariate nominal data was performed. Results: Clinically significant outcomes were noted across all theme areas: knowledge of the Australian College of Operating Room Nurses standards, competence and knowledge of the main roles during a caesarean section, knowledge of policies and procedures, and patient safety. An improved working relationship between the perioperative and delivery ward staff also was identified. Conclusion: An educational program for midwives on the instrument and circulating roles for caesarean sections provides the knowledge and skill development required for clinically safe practice. (PsycInfo Database Record (c) 2021 APA, all rights reserved)","Journal

Peer Reviewed Journal",English,2015
